{
	"$schema": "http://schema.management.azure.com/schemas/2015-01-01/deploymentTemplate.json#",
	"contentVersion": "1.0.0.0",
	"parameters": {
		"factoryName": {
			"type": "string",
			"metadata": "Data Factory name"
		},
		"AzureMLService_p002_dev": {
			"type": "string"
		},
		"esml_autolake_dev": {
			"type": "string"
		},
		"AzureSqlDatabase1": {
			"type": "string"
		}
	},
	"variables": {
		"factoryId": "[concat('Microsoft.DataFactory/factories/', parameters('factoryName'))]"
	},
	"resources": [
		{
			"name": "[concat(parameters('factoryName'), '/STEP03_IN_2_GOLD_SCORING')]",
			"type": "Microsoft.DataFactory/factories/pipelines",
			"apiVersion": "2018-06-01",
			"properties": {
				"activities": [
					{
						"name": "IN_2_GOLD_SCORING",
						"description": "Reads DataLake PROJECT_Model_Inference_IN-folder. for project002_aml_dev",
						"type": "AzureMLExecutePipeline",
						"dependsOn": [
							{
								"activity": "Daily_scoring_or_other_date",
								"dependencyConditions": [
									"Succeeded"
								]
							}
						],
						"policy": {
							"timeout": "7.00:00:00",
							"retry": 0,
							"retryIntervalInSeconds": 30,
							"secureOutput": false,
							"secureInput": false
						},
						"userProperties": [],
						"typeProperties": {
							"experimentName": "11_diabetes_model_reg_batch_scoring_pipe",
							"mlPipelineParameters": {
								"esml_inference_model_version": {
									"value": "@pipeline().parameters.esml_model_version",
									"type": "Expression"
								},
								"esml_scoring_folder_date": {
									"value": "@pipeline().parameters.esml_in_scoring_date_utc_str",
									"type": "Expression"
								}
							},
							"mlPipelineEndpointId": "e5ed3b30-89fd-4b70-a2a0-403451ea2228",
							"version": "1"
						},
						"linkedServiceName": {
							"referenceName": "[parameters('AzureMLService_p002_dev')]",
							"type": "LinkedServiceReference"
						}
					},
					{
						"name": "If WriteBack_Now",
						"type": "IfCondition",
						"dependsOn": [
							{
								"activity": "IN_2_GOLD_SCORING",
								"dependencyConditions": [
									"Succeeded"
								]
							}
						],
						"userProperties": [],
						"typeProperties": {
							"expression": {
								"value": "@variables('pipe_config_writeback_directly')",
								"type": "Expression"
							},
							"ifTrueActivities": [
								{
									"name": "WriteBack scoring",
									"type": "Copy",
									"dependsOn": [
										{
											"activity": "Set scored_gold_path",
											"dependencyConditions": [
												"Succeeded"
											]
										}
									],
									"policy": {
										"timeout": "7.00:00:00",
										"retry": 0,
										"retryIntervalInSeconds": 30,
										"secureOutput": false,
										"secureInput": false
									},
									"userProperties": [],
									"typeProperties": {
										"source": {
											"type": "ParquetSource",
											"storeSettings": {
												"type": "AzureBlobFSReadSettings",
												"recursive": true,
												"wildcardFolderPath": {
													"value": "@variables('scored_gold_path')",
													"type": "Expression"
												},
												"wildcardFileName": "*.parquet",
												"enablePartitionDiscovery": false
											}
										},
										"sink": {
											"type": "AzureSqlSink"
										},
										"enableStaging": false,
										"translator": {
											"type": "TabularTranslator",
											"mappings": [
												{
													"source": {
														"name": "person_id",
														"type": "Int64",
														"physicalType": "INT64"
													},
													"sink": {
														"name": "PersonId",
														"type": "Int32",
														"physicalType": "int"
													}
												},
												{
													"source": {
														"name": "prediction",
														"type": "Double",
														"physicalType": "DOUBLE"
													},
													"sink": {
														"name": "DiabetesMLScoring",
														"type": "Decimal",
														"physicalType": "decimal",
														"scale": 0,
														"precision": 18
													}
												}
											],
											"typeConversion": true,
											"typeConversionSettings": {
												"allowDataTruncation": true,
												"treatBooleanAsNumber": false
											}
										}
									},
									"inputs": [
										{
											"referenceName": "ds_last_gold_scored",
											"type": "DatasetReference",
											"parameters": {
												"lake_container_name": {
													"value": "@pipeline().parameters.lake_container_name",
													"type": "Expression"
												},
												"gold_scored_path": {
													"value": "@variables('scored_gold_path')",
													"type": "Expression"
												},
												"file_name": "*.parquet"
											}
										}
									],
									"outputs": [
										{
											"referenceName": "AzureSql_PersonID_Scoring",
											"type": "DatasetReference"
										}
									]
								},
								{
									"name": "last_gold_run",
									"type": "Lookup",
									"dependsOn": [],
									"policy": {
										"timeout": "7.00:00:00",
										"retry": 0,
										"retryIntervalInSeconds": 30,
										"secureOutput": false,
										"secureInput": false
									},
									"userProperties": [],
									"typeProperties": {
										"source": {
											"type": "DelimitedTextSource",
											"storeSettings": {
												"type": "AzureBlobFSReadSettings",
												"recursive": true,
												"enablePartitionDiscovery": false
											},
											"formatSettings": {
												"type": "DelimitedTextReadSettings"
											}
										},
										"dataset": {
											"referenceName": "ds_gold_scored_runinfo",
											"type": "DatasetReference",
											"parameters": {
												"ds_gold_scored_runinfo_path": {
													"value": "@concat(replace(replace(string(pipeline().parameters.ds_gold_scored_runinfo_path),'{project_name_ph}',pipeline().parameters.esml_project_name),'{model_name_ph}',pipeline().parameters.esml_model_name))",
													"type": "Expression"
												},
												"ds_gold_scored_runinfo_filename": "last_gold_run.csv",
												"lake_container_name": {
													"value": "@pipeline().parameters.lake_container_name",
													"type": "Expression"
												}
											}
										}
									}
								},
								{
									"name": "Set scored_gold_path",
									"type": "SetVariable",
									"dependsOn": [
										{
											"activity": "last_gold_run",
											"dependencyConditions": [
												"Succeeded"
											]
										}
									],
									"userProperties": [],
									"typeProperties": {
										"variableName": "scored_gold_path",
										"value": {
											"value": "@activity('last_gold_run').output.firstRow.scored_gold_path",
											"type": "Expression"
										}
									}
								}
							]
						}
					},
					{
						"name": "Daily_scoring_or_other_date",
						"description": "Overrite either ML parameter esml_scoring_folder_date in the AML activity which is using the ADF-pipeline-parameter esml_in_scoring_date_utc_str",
						"type": "SetVariable",
						"dependsOn": [],
						"userProperties": [],
						"typeProperties": {
							"variableName": "esml_in_date",
							"value": {
								"value": "@formatDateTime(utcnow(), 'yyyy/MM/dd')",
								"type": "Expression"
							}
						}
					}
				],
				"parameters": {
					"ds_gold_scored_runinfo_path": {
						"type": "string",
						"defaultValue": "projects/{project_name_ph}/{model_name_ph}/inference/active/gold_scored_runinfo/"
					},
					"lake_container_name": {
						"type": "string",
						"defaultValue": "lake3"
					},
					"esml_in_scoring_date_utc_str": {
						"type": "string",
						"defaultValue": "2021-06-23 10:35:01.243860"
					},
					"esml_model_version": {
						"type": "string",
						"defaultValue": "1"
					},
					"esml_project_name": {
						"type": "string",
						"defaultValue": "project002"
					},
					"esml_model_name": {
						"type": "string",
						"defaultValue": "11_diabetes_model_reg"
					}
				},
				"variables": {
					"scored_gold_path": {
						"type": "String",
						"defaultValue": "projects/project002/11_diabetes_model_reg/inference/0/scored/dev/7b749a67-c791-4c2b-8430-4c61b935b7cc"
					},
					"pipe_config_writeback_directly": {
						"type": "Boolean",
						"defaultValue": false
					},
					"esml_in_date": {
						"type": "String",
						"defaultValue": "yyyy/MM/dd"
					}
				},
				"folder": {
					"name": "Projects/Project002/11_diabetes_model_reg/A_Datamesh_external_di_team"
				},
				"annotations": []
			},
			"dependsOn": [
				"[concat(variables('factoryId'), '/datasets/ds_last_gold_scored')]",
				"[concat(variables('factoryId'), '/datasets/AzureSql_PersonID_Scoring')]",
				"[concat(variables('factoryId'), '/datasets/ds_gold_scored_runinfo')]"
			]
		},
		{
			"name": "[concat(parameters('factoryName'), '/default')]",
			"type": "Microsoft.DataFactory/factories/managedVirtualNetworks",
			"apiVersion": "2018-06-01",
			"dependsOn": []
		},
		{
			"name": "[concat(parameters('factoryName'), '/ds_last_gold_scored')]",
			"type": "Microsoft.DataFactory/factories/datasets",
			"apiVersion": "2018-06-01",
			"properties": {
				"linkedServiceName": {
					"referenceName": "[parameters('esml_autolake_dev')]",
					"type": "LinkedServiceReference"
				},
				"parameters": {
					"lake_container_name": {
						"type": "string",
						"defaultValue": "lake3"
					},
					"gold_scored_path": {
						"type": "string",
						"defaultValue": "projects/project002/11_diabetes_model_reg/inference/0/scored/dev/7b749a67-c791-4c2b-8430-4c61b935b7cc"
					},
					"file_name": {
						"type": "string",
						"defaultValue": "*.parquet"
					}
				},
				"folder": {
					"name": "Projects/Project002/11_diabetes_model_reg"
				},
				"annotations": [],
				"type": "Parquet",
				"typeProperties": {
					"location": {
						"type": "AzureBlobFSLocation",
						"fileName": {
							"value": "@dataset().file_name",
							"type": "Expression"
						},
						"folderPath": {
							"value": "@dataset().gold_scored_path",
							"type": "Expression"
						},
						"fileSystem": {
							"value": "@dataset().lake_container_name",
							"type": "Expression"
						}
					},
					"compressionCodec": "snappy"
				},
				"schema": [
					{
						"name": "AGE",
						"type": "DOUBLE"
					},
					{
						"name": "SEX",
						"type": "DOUBLE"
					},
					{
						"name": "BMI",
						"type": "DOUBLE"
					},
					{
						"name": "BP",
						"type": "DOUBLE"
					},
					{
						"name": "S1",
						"type": "DOUBLE"
					},
					{
						"name": "S2",
						"type": "DOUBLE"
					},
					{
						"name": "S3",
						"type": "DOUBLE"
					},
					{
						"name": "S4",
						"type": "DOUBLE"
					},
					{
						"name": "S5",
						"type": "DOUBLE"
					},
					{
						"name": "S6",
						"type": "DOUBLE"
					},
					{
						"name": "prediction",
						"type": "DOUBLE"
					},
					{
						"name": "person_id",
						"type": "INT64"
					}
				]
			},
			"dependsOn": []
		},
		{
			"name": "[concat(parameters('factoryName'), '/AzureSql_PersonID_Scoring')]",
			"type": "Microsoft.DataFactory/factories/datasets",
			"apiVersion": "2018-06-01",
			"properties": {
				"linkedServiceName": {
					"referenceName": "[parameters('AzureSqlDatabase1')]",
					"type": "LinkedServiceReference"
				},
				"folder": {
					"name": "Projects/Project002/11_diabetes_model_reg/source"
				},
				"annotations": [],
				"type": "AzureSqlTable",
				"schema": [
					{
						"name": "PersonId",
						"type": "int",
						"precision": 10
					},
					{
						"name": "DiabetesMLScoring",
						"type": "decimal",
						"precision": 18,
						"scale": 0
					},
					{
						"name": "ts",
						"type": "datetime",
						"precision": 23,
						"scale": 3
					},
					{
						"name": "scoring_time",
						"type": "varchar"
					},
					{
						"name": "in_data_time",
						"type": "varchar"
					}
				],
				"typeProperties": {
					"schema": "dbo",
					"table": "esml_personID_scoring"
				}
			},
			"dependsOn": []
		},
		{
			"name": "[concat(parameters('factoryName'), '/ds_gold_scored_runinfo')]",
			"type": "Microsoft.DataFactory/factories/datasets",
			"apiVersion": "2018-06-01",
			"properties": {
				"linkedServiceName": {
					"referenceName": "[parameters('esml_autolake_dev')]",
					"type": "LinkedServiceReference"
				},
				"parameters": {
					"ds_gold_scored_runinfo_path": {
						"type": "string",
						"defaultValue": "projects/project002/11_diabetes_model_reg/inference/active/gold_scored_runinfo/"
					},
					"ds_gold_scored_runinfo_filename": {
						"type": "string",
						"defaultValue": "last_gold_run.csv"
					},
					"lake_container_name": {
						"type": "string"
					}
				},
				"folder": {
					"name": "Projects/Project002/11_diabetes_model_reg"
				},
				"annotations": [],
				"type": "DelimitedText",
				"typeProperties": {
					"location": {
						"type": "AzureBlobFSLocation",
						"fileName": {
							"value": "@dataset().ds_gold_scored_runinfo_filename",
							"type": "Expression"
						},
						"folderPath": {
							"value": "@dataset().ds_gold_scored_runinfo_path",
							"type": "Expression"
						},
						"fileSystem": "lake3"
					},
					"columnDelimiter": ",",
					"escapeChar": "\\",
					"firstRowAsHeader": true,
					"quoteChar": "\""
				},
				"schema": []
			},
			"dependsOn": []
		}
	]
}