{"$schema":"http://schema.management.azure.com/schemas/2015-01-01/deploymentTemplate.json#","contentVersion":"1.0.0.0","parameters":{"factoryName":{"type":"string","metadata":"Data Factory name"},"esml_autolake_dev":{"type":"string"},"AzureSqlDatabase1":{"type":"string"}},"variables":{"factoryId":"[concat('Microsoft.DataFactory/factories/', parameters('factoryName'))]"},"resources":[{"name":"[concat(parameters('factoryName'), '/M11_01_TO_MASTER_IN_as_DELTA')]","type":"Microsoft.DataFactory/factories/pipelines","apiVersion":"2018-06-01","properties":{"activities":[{"name":"Copy DB to DeltaLake format","type":"ExecuteDataFlow","dependsOn":[],"policy":{"timeout":"1.00:00:00","retry":0,"retryIntervalInSeconds":30,"secureOutput":false,"secureInput":false},"userProperties":[],"typeProperties":{"dataflow":{"referenceName":"M11_DB_2_IN_Delta","type":"DataFlowReference","parameters":{},"datasetParameters":{"SqlDBTable":{},"MasterInFolderDelta":{}}},"staging":{},"compute":{"coreCount":8,"computeType":"General"},"traceLevel":"Fine"}}],"folder":{"name":"Projects/Project002/11_diabetes_model_reg"},"annotations":[]},"dependsOn":["[concat(variables('factoryId'), '/dataflows/M11_DB_2_IN_Delta')]"]},{"name":"[concat(parameters('factoryName'), '/M11_DB_2_IN_Delta')]","type":"Microsoft.DataFactory/factories/dataflows","apiVersion":"2018-06-01","properties":{"folder":{"name":"Projects/Project002/11_diabetes_model_reg"},"type":"MappingDataFlow","typeProperties":{"sources":[{"dataset":{"referenceName":"AzureSqlDiabetes","type":"DatasetReference"},"name":"SqlDBTable"}],"sinks":[{"linkedService":{"referenceName":"[parameters('esml_autolake_dev')]","type":"LinkedServiceReference"},"name":"MasterInFolderDelta"}],"transformations":[],"script":"source(allowSchemaDrift: true,\n\tvalidateSchema: false,\n\tisolationLevel: 'READ_UNCOMMITTED',\n\tformat: 'table') ~> SqlDBTable\nSqlDBTable sink(allowSchemaDrift: true,\n\tvalidateSchema: false,\n\tformat: 'delta',\n\tfileSystem: 'lake3',\n\tfolderPath: 'master/se/ds_diabetes/in/2020/01/02/delta',\n\tmergeSchema: false,\n\tautoCompact: false,\n\toptimizedWrite: false,\n\tvacuum: 0,\n\tdeletable:false,\n\tinsertable:true,\n\tupdateable:false,\n\tupsertable:false,\n\tumask: 0022,\n\tskipDuplicateMapInputs: true,\n\tskipDuplicateMapOutputs: true,\n\tsaveOrder: 1) ~> MasterInFolderDelta"}},"dependsOn":["[concat(variables('factoryId'), '/datasets/AzureSqlDiabetes')]"]},{"name":"[concat(parameters('factoryName'), '/default')]","type":"Microsoft.DataFactory/factories/managedVirtualNetworks","apiVersion":"2018-06-01","properties":{},"dependsOn":[]},{"name":"[concat(parameters('factoryName'), '/AzureSqlDiabetes')]","type":"Microsoft.DataFactory/factories/datasets","apiVersion":"2018-06-01","properties":{"linkedServiceName":{"referenceName":"[parameters('AzureSqlDatabase1')]","type":"LinkedServiceReference"},"folder":{"name":"Projects/Project002/11_diabetes_model_reg/source"},"annotations":[],"type":"AzureSqlTable","schema":[],"typeProperties":{"schema":"dbo","table":"esml_diabetes"}},"dependsOn":[]}]}