{"$schema":"http://schema.management.azure.com/schemas/2015-01-01/deploymentTemplate.json#","contentVersion":"1.0.0.0","parameters":{"factoryName":{"type":"string","metadata":"Data Factory name"},"esml_autolake_dev":{"type":"string"},"AzureSqlDatabase1":{"type":"string"}},"variables":{"factoryId":"[concat('Microsoft.DataFactory/factories/', parameters('factoryName'))]"},"resources":[{"name":"[concat(parameters('factoryName'), '/STEP00_DEMO_PRJ002_M11_Init_DB_1')]","type":"Microsoft.DataFactory/factories/pipelines","apiVersion":"2018-06-01","properties":{"activities":[{"name":"DEMO_Init_DB","description":"Initates DDL of TABLE create of 2 tables: esml_diabetes and esml_personID_scoring, and fills diabetes with data from parquet","type":"Copy","dependsOn":[],"policy":{"timeout":"7.00:00:00","retry":0,"retryIntervalInSeconds":30,"secureOutput":false,"secureInput":false},"userProperties":[],"typeProperties":{"source":{"type":"ParquetSource","storeSettings":{"type":"AzureBlobFSReadSettings","recursive":true,"enablePartitionDiscovery":false}},"sink":{"type":"AzureSqlSink","preCopyScript":"CREATE TABLE [dbo].[esml_diabetes]\n(\n    -- PersonId: Not needed for ML scoring. It is actually only noise for the Machine Learning brain. \n    PersonId INT IDENTITY(1,1) not null, -- But IF we want to reconnect scored RESULT to an individual, we need it.\n\tAGE FLOAT NOT NULL,\n\tSEX FLOAT NOT NULL,\n\tBMI FLOAT NOT NULL,\n\tBP FLOAT NOT NULL,\n\tS1 FLOAT NOT NULL,\n\tS2 FLOAT NOT NULL,\n\tS3 FLOAT NOT NULL,\n\tS4 FLOAT NOT NULL,\n\tS5 FLOAT NOT NULL,\n\tS6 FLOAT NOT NULL\n);\n\nCREATE TABLE [dbo].[esml_personID_scoring]\n(\n    PersonId INT NOT NULL,\n    DiabetesMLScoring DECIMAL NULL,\n    scoring_time DATETIME NULL,\n    in_data_time DATETIME NULL,\n    ts DATETIME NOT NULL DEFAULT (GETDATE())\n)","disableMetricsCollection":false},"enableStaging":false,"validateDataConsistency":false,"translator":{"type":"TabularTranslator","mappings":[{"source":{"name":"AGE","type":"Double","physicalType":"DOUBLE"},"sink":{"name":"AGE","type":"Double","physicalType":"float"}},{"source":{"name":"SEX","type":"Double","physicalType":"DOUBLE"},"sink":{"name":"SEX","type":"Double","physicalType":"float"}},{"source":{"name":"BMI","type":"Double","physicalType":"DOUBLE"},"sink":{"name":"BMI","type":"Double","physicalType":"float"}},{"source":{"name":"BP","type":"Double","physicalType":"DOUBLE"},"sink":{"name":"BP","type":"Double","physicalType":"float"}},{"source":{"name":"S1","type":"Double","physicalType":"DOUBLE"},"sink":{"name":"S1","type":"Double","physicalType":"float"}},{"source":{"name":"S2","type":"Double","physicalType":"DOUBLE"},"sink":{"name":"S2","type":"Double","physicalType":"float"}},{"source":{"name":"S3","type":"Double","physicalType":"DOUBLE"},"sink":{"name":"S3","type":"Double","physicalType":"float"}},{"source":{"name":"S4","type":"Double","physicalType":"DOUBLE"},"sink":{"name":"S4","type":"Double","physicalType":"float"}},{"source":{"name":"S5","type":"Double","physicalType":"DOUBLE"},"sink":{"name":"S5","type":"Double","physicalType":"float"}},{"source":{"name":"S6","type":"Double","physicalType":"DOUBLE"},"sink":{"name":"S6","type":"Double","physicalType":"float"}}],"typeConversion":true,"typeConversionSettings":{"allowDataTruncation":false,"treatBooleanAsNumber":false}}},"inputs":[{"referenceName":"ds_PROJECT_SILVER","type":"DatasetReference","parameters":{"lake_container_name":{"value":"@pipeline().parameters.lake_container_name","type":"Expression"},"ds_PROJECT_SILVER":{"value":"@pipeline().parameters.ds_project_SILVER_source","type":"Expression"}}}],"outputs":[{"referenceName":"AzureSqlDiabetes","type":"DatasetReference","parameters":{}}]}],"policy":{"elapsedTimeMetric":{},"cancelAfter":{}},"parameters":{"lake_container_name":{"type":"string","defaultValue":"lake3"},"ds_project_SILVER_source":{"type":"string","defaultValue":"master/se/sap_patients/ds_diabetes/out/silver/"}},"folder":{"name":"Master"},"annotations":[]},"dependsOn":["[concat(variables('factoryId'), '/datasets/ds_PROJECT_SILVER')]","[concat(variables('factoryId'), '/datasets/AzureSqlDiabetes')]"]},{"name":"[concat(parameters('factoryName'), '/ds_PROJECT_SILVER')]","type":"Microsoft.DataFactory/factories/datasets","apiVersion":"2018-06-01","properties":{"linkedServiceName":{"referenceName":"[parameters('esml_autolake_dev')]","type":"LinkedServiceReference"},"parameters":{"lake_container_name":{"type":"string"},"ds_PROJECT_SILVER":{"type":"string"}},"folder":{"name":"Projects/Project002/11_diabetes_model_reg"},"annotations":[],"type":"Parquet","typeProperties":{"location":{"type":"AzureBlobFSLocation","fileName":"silver.parquet","folderPath":{"value":"@dataset().ds_PROJECT_SILVER","type":"Expression"},"fileSystem":{"value":"@dataset().lake_container_name","type":"Expression"}},"compressionCodec":"snappy"},"schema":[]},"dependsOn":[]},{"name":"[concat(parameters('factoryName'), '/AzureSqlDiabetes')]","type":"Microsoft.DataFactory/factories/datasets","apiVersion":"2018-06-01","properties":{"linkedServiceName":{"referenceName":"[parameters('AzureSqlDatabase1')]","type":"LinkedServiceReference"},"folder":{"name":"Projects/Project002/11_diabetes_model_reg/source"},"annotations":[],"type":"AzureSqlTable","schema":[],"typeProperties":{"schema":"dbo","table":"esml_diabetes"}},"dependsOn":[]},{"name":"[concat(parameters('factoryName'), '/default')]","type":"Microsoft.DataFactory/factories/managedVirtualNetworks","apiVersion":"2018-06-01","properties":{},"dependsOn":[]}]}