{"commitInfo":{"timestamp":1630191955295,"operation":"WRITE","operationParameters":{"mode":"Append","partitionBy":"[]"},"isolationLevel":"WriteSerializable","isBlindAppend":true}}
{"protocol":{"minReaderVersion":1,"minWriterVersion":2}}
{"metaData":{"id":"0d0ca848-e88d-4b7f-81e9-f42720f9d5d4","format":{"provider":"parquet","options":{}},"schemaString":"{\"type\":\"struct\",\"fields\":[{\"name\":\"AGE\",\"type\":\"double\",\"nullable\":true,\"metadata\":{}},{\"name\":\"SEX\",\"type\":\"double\",\"nullable\":true,\"metadata\":{}},{\"name\":\"BMI\",\"type\":\"double\",\"nullable\":true,\"metadata\":{}},{\"name\":\"BP\",\"type\":\"double\",\"nullable\":true,\"metadata\":{}},{\"name\":\"S1\",\"type\":\"double\",\"nullable\":true,\"metadata\":{}},{\"name\":\"S2\",\"type\":\"double\",\"nullable\":true,\"metadata\":{}},{\"name\":\"S3\",\"type\":\"double\",\"nullable\":true,\"metadata\":{}},{\"name\":\"S4\",\"type\":\"double\",\"nullable\":true,\"metadata\":{}},{\"name\":\"S5\",\"type\":\"double\",\"nullable\":true,\"metadata\":{}},{\"name\":\"S6\",\"type\":\"double\",\"nullable\":true,\"metadata\":{}}]}","partitionColumns":[],"configuration":{},"createdTime":1630191947092}}
{"add":{"path":"part-00000-e3b2e06d-c59c-48c9-b00f-0ced5d1d3de7-c000.snappy.parquet","partitionValues":{},"size":15754,"modificationTime":1630191954000,"dataChange":true,"stats":"{\"numRecords\":442,\"minValues\":{\"AGE\":-0.107225631607358,\"SEX\":-0.044641636506989,\"BMI\":-0.0902752958985185,\"BP\":-0.112399602060758,\"S1\":-0.126780669916514,\"S2\":-0.115613065979398,\"S3\":-0.10230705051742,\"S4\":-0.076394503750001,\"S5\":-0.126097385560409,\"S6\":-0.137767225690012},\"maxValues\":{\"AGE\":0.110726675453815,\"SEX\":0.0506801187398187,\"BMI\":0.17055522598066,\"BP\":0.132044217194516,\"S1\":0.153913713156516,\"S2\":0.198787989657293,\"S3\":0.181179060397284,\"S4\":0.185234443260194,\"S5\":0.133598980013008,\"S6\":0.135611830689079},\"nullCount\":{\"AGE\":0,\"SEX\":0,\"BMI\":0,\"BP\":0,\"S1\":0,\"S2\":0,\"S3\":0,\"S4\":0,\"S5\":0,\"S6\":0}}"}}
