{"$schema":"http://schema.management.azure.com/schemas/2015-01-01/deploymentTemplate.json#","contentVersion":"1.0.0.0","parameters":{"factoryName":{"type":"string","metadata":"Data Factory name"},"AzureMLService_p002_dev":{"type":"string"},"esml_autolake_dev":{"type":"string"},"AzureSqlDatabase1":{"type":"string"}},"variables":{"factoryId":"[concat('Microsoft.DataFactory/factories/', parameters('factoryName'))]"},"resources":[{"name":"[concat(parameters('factoryName'), '/STEP03_IN_2_GOLD_PowerBI')]","type":"Microsoft.DataFactory/factories/pipelines","apiVersion":"2018-06-01","properties":{"activities":[{"name":"IN_2_GOLD","description":"Reads DataLake PROJECT_Model_Inference_IN-folder. for project002_aml_dev","type":"AzureMLExecutePipeline","dependsOn":[{"activity":"Daily_dataprocessing_or_other_date","dependencyConditions":["Succeeded"]}],"policy":{"timeout":"7.00:00:00","retry":0,"retryIntervalInSeconds":30,"secureOutput":false,"secureInput":false},"userProperties":[],"typeProperties":{"experimentName":"","mlPipelineParameters":{"esml_inference_model_version":{"value":"@pipeline().parameters.esml_model_version","type":"Expression"},"esml_scoring_folder_date":{"value":"@pipeline().parameters.esml_in_scoring_date_utc_str","type":"Expression"}},"mlPipelineEndpointId":"5c1c0622-2f18-4380-865f-b5df380f2345"},"linkedServiceName":{"referenceName":"[parameters('AzureMLService_p002_dev')]","type":"LinkedServiceReference"}},{"name":"If WriteToSQL","type":"IfCondition","dependsOn":[{"activity":"IN_2_GOLD","dependencyConditions":["Succeeded"]}],"userProperties":[],"typeProperties":{"expression":{"value":"@variables('pipe_config_writeback_directly')","type":"Expression"},"ifTrueActivities":[{"name":"WriteBack scoring","type":"Copy","dependsOn":[],"policy":{"timeout":"7.00:00:00","retry":0,"retryIntervalInSeconds":30,"secureOutput":false,"secureInput":false},"userProperties":[],"typeProperties":{"source":{"type":"ParquetSource","storeSettings":{"type":"AzureBlobFSReadSettings","recursive":true,"wildcardFolderPath":{"value":"@concat(replace(replace(replace(replace(string(pipeline().parameters.ds_GOLD),'{project_name_ph}',pipeline().parameters.esml_project_name),'{model_name_ph}',pipeline().parameters.esml_model_name),'{version_ph}','0'),'{esml_dev_test_prod_ph}',pipeline().parameters.esml_dev_test_prod))","type":"Expression"},"wildcardFileName":"gold_to_score.parquet","enablePartitionDiscovery":false}},"sink":{"type":"AzureSqlSink"},"enableStaging":false,"translator":{"type":"TabularTranslator","mappings":[{"source":{"name":"person_id","type":"Int64","physicalType":"INT64"},"sink":{"name":"PersonId","type":"Int32","physicalType":"int"}},{"source":{"name":"prediction","type":"Double","physicalType":"DOUBLE"},"sink":{"name":"DiabetesMLScoring","type":"Decimal","physicalType":"decimal","scale":0,"precision":18}}],"typeConversion":true,"typeConversionSettings":{"allowDataTruncation":true,"treatBooleanAsNumber":false}}},"inputs":[{"referenceName":"ds_last_gold","type":"DatasetReference","parameters":{"lake_container_name":"lake3","gold_path":"projects/project002/11_diabetes_model_reg/inference/0/gold/dev/","file_name":"gold_to_score.parquet"}}],"outputs":[{"referenceName":"AzureSql_PersonID_Scoring","type":"DatasetReference","parameters":{}}]}]}},{"name":"Daily_dataprocessing_or_other_date","description":"Overrite either ML parameter esml_scoring_folder_date in the AML activity which is using the ADF-pipeline-parameter esml_in_scoring_date_utc_str","type":"SetVariable","dependsOn":[],"userProperties":[],"typeProperties":{"variableName":"esml_in_date","value":{"value":"@formatDateTime(utcnow(), 'yyyy/MM/dd')","type":"Expression"}}}],"policy":{"elapsedTimeMetric":{},"cancelAfter":{}},"parameters":{"ds_GOLD":{"type":"string","defaultValue":"projects/{project_name_ph}/{model_name_ph}/inference/{version_ph}/gold/{esml_dev_test_prod_ph}/"},"lake_container_name":{"type":"string","defaultValue":"lake3"},"esml_in_scoring_date_utc_str":{"type":"string","defaultValue":"2021-06-23 10:35:01.243860"},"esml_model_version":{"type":"string","defaultValue":"1"},"esml_project_name":{"type":"string","defaultValue":"project002"},"esml_model_name":{"type":"string","defaultValue":"11_diabetes_model_reg"},"esml_dev_test_prod":{"type":"string","defaultValue":"dev"}},"variables":{"pipe_config_writeback_directly":{"type":"Boolean","defaultValue":false},"esml_in_date":{"type":"String","defaultValue":"yyyy/MM/dd"}},"folder":{"name":"Projects/Project002/11_diabetes_model_reg/A_Datamesh_external_di_team"},"annotations":[]},"dependsOn":["[concat(variables('factoryId'), '/datasets/ds_last_gold')]","[concat(variables('factoryId'), '/datasets/AzureSql_PersonID_Scoring')]"]},{"name":"[concat(parameters('factoryName'), '/default')]","type":"Microsoft.DataFactory/factories/managedVirtualNetworks","apiVersion":"2018-06-01","properties":{},"dependsOn":[]},{"name":"[concat(parameters('factoryName'), '/ds_last_gold')]","type":"Microsoft.DataFactory/factories/datasets","apiVersion":"2018-06-01","properties":{"linkedServiceName":{"referenceName":"[parameters('esml_autolake_dev')]","type":"LinkedServiceReference"},"parameters":{"lake_container_name":{"type":"string","defaultValue":"lake3"},"gold_path":{"type":"string","defaultValue":"projects/project002/11_diabetes_model_reg/inference/0/gold/dev/"},"file_name":{"type":"string","defaultValue":"gold_to_score.parquet"}},"folder":{"name":"Projects/Project002/11_diabetes_model_reg"},"annotations":[],"type":"Parquet","typeProperties":{"location":{"type":"AzureBlobFSLocation","fileName":{"value":"@dataset().file_name","type":"Expression"},"folderPath":{"value":"@dataset().gold_path","type":"Expression"},"fileSystem":{"value":"@dataset().lake_container_name","type":"Expression"}},"compressionCodec":"snappy"},"schema":[{"name":"AGE","type":"DOUBLE"},{"name":"SEX","type":"DOUBLE"},{"name":"BMI","type":"DOUBLE"},{"name":"BP","type":"DOUBLE"},{"name":"S1","type":"DOUBLE"},{"name":"S2","type":"DOUBLE"},{"name":"S3","type":"DOUBLE"},{"name":"S4","type":"DOUBLE"},{"name":"S5","type":"DOUBLE"},{"name":"S6","type":"DOUBLE"},{"name":"prediction","type":"DOUBLE"},{"name":"person_id","type":"INT64"}]},"dependsOn":[]},{"name":"[concat(parameters('factoryName'), '/AzureSql_PersonID_Scoring')]","type":"Microsoft.DataFactory/factories/datasets","apiVersion":"2018-06-01","properties":{"linkedServiceName":{"referenceName":"[parameters('AzureSqlDatabase1')]","type":"LinkedServiceReference"},"folder":{"name":"Projects/Project002/11_diabetes_model_reg/source"},"annotations":[],"type":"AzureSqlTable","schema":[{"name":"PersonId","type":"int","precision":10},{"name":"DiabetesMLScoring","type":"decimal","precision":18,"scale":0},{"name":"ts","type":"datetime","precision":23,"scale":3},{"name":"scoring_time","type":"varchar"},{"name":"in_data_time","type":"varchar"}],"typeProperties":{"schema":"dbo","table":"esml_personID_scoring"}},"dependsOn":[]}]}