{"$schema":"http://schema.management.azure.com/schemas/2015-01-01/deploymentTemplate.json#","contentVersion":"1.0.0.0","parameters":{"factoryName":{"type":"string","metadata":"Data Factory name"},"AzureMLService_p002_dev":{"type":"string"}},"variables":{"factoryId":"[concat('Microsoft.DataFactory/factories/', parameters('factoryName'))]"},"resources":[{"name":"[concat(parameters('factoryName'), '/STEP03_IN_2_GOLD_TRAIN_LakeOnly')]","type":"Microsoft.DataFactory/factories/pipelines","apiVersion":"2018-06-01","properties":{"activities":[{"name":"IN_2_GOLD_TRAIN","description":"","type":"AzureMLExecutePipeline","dependsOn":[{"activity":"Daily_or_Weekly_Training","dependencyConditions":["Succeeded"]}],"policy":{"timeout":"7.00:00:00","retry":0,"retryIntervalInSeconds":30,"secureOutput":false,"secureInput":false},"userProperties":[],"typeProperties":{"experimentName":"11_diabetes_model_reg_batch_scoring_pipe","mlPipelineParameters":{"esml_scoring_drift":{"value":"@pipeline().parameters.esml_scoring_drift","type":"Expression"},"esml_train_folder_date":{"value":"@pipeline().parameters.esml_in_training_date_utc_str","type":"Expression"}},"mlPipelineEndpointId":"e5ed3b30-89fd-4b70-a2a0-403451ea2228","version":"1"},"linkedServiceName":{"referenceName":"[parameters('AzureMLService_p002_dev')]","type":"LinkedServiceReference"}},{"name":"Daily_or_Weekly_Training","description":"Overwrite ML parameter esml_scoring_folder_date in the AML activity which is using the ADF-pipeline-parameter esml_in_scoring_date_utc_str","type":"SetVariable","dependsOn":[],"userProperties":[],"typeProperties":{"variableName":"esml_in_date","value":{"value":"@formatDateTime(utcnow(), 'yyyy/MM/dd')","type":"Expression"}}}],"policy":{"elapsedTimeMetric":{},"cancelAfter":{}},"parameters":{"ds_gold_train_runinfo_path":{"type":"string","defaultValue":"projects/{project_name_ph}/{model_name_ph}/train/active/gold_train_runinfo/"},"lake_container_name":{"type":"string","defaultValue":"lake3"},"esml_in_training_date_utc_str":{"type":"string","defaultValue":"2021-06-23 10:35:01.243860"},"esml_scoring_drift":{"type":"string","defaultValue":"1"},"esml_project_name":{"type":"string","defaultValue":"project002"},"esml_model_name":{"type":"string","defaultValue":"11_diabetes_model_reg"},"esml_dev_test_prod":{"type":"string","defaultValue":"dev"},"esml_dev_test_prod_compare":{"type":"string","defaultValue":"test"}},"variables":{"esml_in_date":{"type":"String","defaultValue":"yyyy/MM/dd"}},"folder":{"name":"Projects/Project002/11_diabetes_model_reg/A_Datamesh_external_di_team/LakeOnly"},"annotations":[]},"dependsOn":[]},{"name":"[concat(parameters('factoryName'), '/default')]","type":"Microsoft.DataFactory/factories/managedVirtualNetworks","apiVersion":"2018-06-01","properties":{},"dependsOn":[]}]}