{
	"$schema": "http://schema.management.azure.com/schemas/2015-01-01/deploymentTemplate.json#",
	"contentVersion": "1.0.0.0",
	"parameters": {
		"factoryName": {
			"type": "string",
			"metadata": "Data Factory name"
		},
		"esml_autolake_dev": {
			"type": "string"
		},
		"AzureSqlDatabase1": {
			"type": "string"
		}
	},
	"variables": {
		"factoryId": "[concat('Microsoft.DataFactory/factories/', parameters('factoryName'))]"
	},
	"resources": [
		{
			"name": "[concat(parameters('factoryName'), '/STEP04_PRJ_WRITEBACK_2_DB_Upsert')]",
			"type": "Microsoft.DataFactory/factories/pipelines",
			"apiVersion": "2018-06-01",
			"properties": {
				"activities": [
					{
						"name": "last_gold_run",
						"type": "Lookup",
						"dependsOn": [],
						"policy": {
							"timeout": "7.00:00:00",
							"retry": 0,
							"retryIntervalInSeconds": 30,
							"secureOutput": false,
							"secureInput": false
						},
						"userProperties": [],
						"typeProperties": {
							"source": {
								"type": "DelimitedTextSource",
								"storeSettings": {
									"type": "AzureBlobFSReadSettings",
									"recursive": true,
									"enablePartitionDiscovery": false
								},
								"formatSettings": {
									"type": "DelimitedTextReadSettings"
								}
							},
							"dataset": {
								"referenceName": "ds_gold_scored_runinfo",
								"type": "DatasetReference",
								"parameters": {
									"ds_gold_scored_runinfo_path": {
										"value": "@concat(replace(replace(string(pipeline().parameters.ds_gold_scored_runinfo_path),'{project_name_ph}',pipeline().parameters.esml_project_name),'{model_name_ph}',pipeline().parameters.esml_model_name))",
										"type": "Expression"
									},
									"ds_gold_scored_runinfo_filename": "last_gold_run.csv",
									"lake_container_name": {
										"value": "@pipeline().parameters.lake_container_name",
										"type": "Expression"
									}
								}
							}
						}
					},
					{
						"name": "scored_gold_path",
						"type": "SetVariable",
						"dependsOn": [
							{
								"activity": "last_gold_run",
								"dependencyConditions": [
									"Succeeded"
								]
							}
						],
						"userProperties": [],
						"typeProperties": {
							"variableName": "scored_gold_path",
							"value": {
								"value": "@activity('last_gold_run').output.firstRow.scored_gold_path",
								"type": "Expression"
							}
						}
					},
					{
						"name": "INSERT_or_UDATE_DB",
						"description": "Updates a row, PersonID, and overwrites prediction. TimeStamp column reflects latest.",
						"type": "ExecuteDataFlow",
						"dependsOn": [
							{
								"activity": "scored_gold_path",
								"dependencyConditions": [
									"Succeeded"
								]
							},
							{
								"activity": "data_in_datetime",
								"dependencyConditions": [
									"Succeeded"
								]
							},
							{
								"activity": "scoring_timestamp",
								"dependencyConditions": [
									"Succeeded"
								]
							}
						],
						"policy": {
							"timeout": "1.00:00:00",
							"retry": 0,
							"retryIntervalInSeconds": 30,
							"secureOutput": false,
							"secureInput": false
						},
						"userProperties": [],
						"typeProperties": {
							"dataflow": {
								"referenceName": "M11_SCORING_2DB_UPSERT",
								"type": "DataFlowReference",
								"parameters": {
									"df_lake_container_name": {
										"value": "'@{pipeline().parameters.lake_container_name}'",
										"type": "Expression"
									},
									"df_gold_scored_path": {
										"value": "'@{variables('scored_gold_path')}'",
										"type": "Expression"
									},
									"df_file_name": {
										"value": "'@{string('*.parquet')}'",
										"type": "Expression"
									},
									"df_in_data_time": {
										"value": "'@{variables('data_in_datetime')}'",
										"type": "Expression"
									},
									"df_scoring_time": {
										"value": "'@{variables('scoring_timestamp')}'",
										"type": "Expression"
									}
								},
								"datasetParameters": {
									"LastGoldScored": {
										"lake_container_name": "@pipeline().parameters.lake_container_name",
										"gold_scored_path": "@variables('scored_gold_path')",
										"file_name": "*.parquet"
									}
								}
							},
							"compute": {
								"coreCount": 8,
								"computeType": "General"
							},
							"traceLevel": "Fine"
						}
					},
					{
						"name": "data_in_datetime",
						"type": "SetVariable",
						"dependsOn": [
							{
								"activity": "last_gold_run",
								"dependencyConditions": [
									"Succeeded"
								]
							}
						],
						"userProperties": [],
						"typeProperties": {
							"variableName": "data_in_datetime",
							"value": {
								"value": "@activity('last_gold_run').output.firstRow.date_in_parameter",
								"type": "Expression"
							}
						}
					},
					{
						"name": "scoring_timestamp",
						"type": "SetVariable",
						"dependsOn": [
							{
								"activity": "last_gold_run",
								"dependencyConditions": [
									"Succeeded"
								]
							}
						],
						"userProperties": [],
						"typeProperties": {
							"variableName": "scoring_timestamp",
							"value": {
								"value": "@activity('last_gold_run').output.firstRow.date_at_pipeline_run",
								"type": "Expression"
							}
						}
					}
				],
				"parameters": {
					"ds_gold_scored_runinfo_path": {
						"type": "string",
						"defaultValue": "projects/{project_name_ph}/{model_name_ph}/inference/active/gold_scored_runinfo/"
					},
					"lake_container_name": {
						"type": "string",
						"defaultValue": "lake3"
					},
					"esml_project_name": {
						"type": "string",
						"defaultValue": "project002"
					},
					"esml_model_name": {
						"type": "string",
						"defaultValue": "11_diabetes_model_reg"
					}
				},
				"variables": {
					"scored_gold_path": {
						"type": "String",
						"defaultValue": "\"not set\""
					},
					"data_in_datetime": {
						"type": "String"
					},
					"scoring_timestamp": {
						"type": "String"
					}
				},
				"folder": {
					"name": "Master/SAP/ds_diabetes/Project002"
				},
				"annotations": []
			},
			"dependsOn": [
				"[concat(variables('factoryId'), '/datasets/ds_gold_scored_runinfo')]",
				"[concat(variables('factoryId'), '/dataflows/M11_SCORING_2DB_UPSERT')]"
			]
		},
		{
			"name": "[concat(parameters('factoryName'), '/ds_gold_scored_runinfo')]",
			"type": "Microsoft.DataFactory/factories/datasets",
			"apiVersion": "2018-06-01",
			"properties": {
				"linkedServiceName": {
					"referenceName": "[parameters('esml_autolake_dev')]",
					"type": "LinkedServiceReference"
				},
				"parameters": {
					"ds_gold_scored_runinfo_path": {
						"type": "string",
						"defaultValue": "projects/project002/11_diabetes_model_reg/inference/active/gold_scored_runinfo/"
					},
					"ds_gold_scored_runinfo_filename": {
						"type": "string",
						"defaultValue": "last_gold_run.csv"
					},
					"lake_container_name": {
						"type": "string"
					}
				},
				"folder": {
					"name": "Projects/Project002/11_diabetes_model_reg"
				},
				"annotations": [],
				"type": "DelimitedText",
				"typeProperties": {
					"location": {
						"type": "AzureBlobFSLocation",
						"fileName": {
							"value": "@dataset().ds_gold_scored_runinfo_filename",
							"type": "Expression"
						},
						"folderPath": {
							"value": "@dataset().ds_gold_scored_runinfo_path",
							"type": "Expression"
						},
						"fileSystem": "lake3"
					},
					"columnDelimiter": ",",
					"escapeChar": "\\",
					"firstRowAsHeader": true,
					"quoteChar": "\""
				},
				"schema": []
			},
			"dependsOn": []
		},
		{
			"name": "[concat(parameters('factoryName'), '/M11_SCORING_2DB_UPSERT')]",
			"type": "Microsoft.DataFactory/factories/dataflows",
			"apiVersion": "2018-06-01",
			"properties": {
				"folder": {
					"name": "Projects/Project002/11_diabetes_model_reg"
				},
				"type": "MappingDataFlow",
				"typeProperties": {
					"sources": [
						{
							"dataset": {
								"referenceName": "ds_last_gold_scored",
								"type": "DatasetReference"
							},
							"name": "LastGoldScored"
						}
					],
					"sinks": [
						{
							"dataset": {
								"referenceName": "AzureSql_PersonID_Scoring",
								"type": "DatasetReference"
							},
							"name": "PersonIDScoring"
						}
					],
					"transformations": [
						{
							"name": "AlterRowUpsertAll"
						},
						{
							"name": "ColumnsTypeCast",
							"description": "Autogenerated by data preview actions"
						}
					],
					"script": "parameters{\n\tdf_lake_container_name as string ('lake3'),\n\tdf_gold_scored_path as string ('projects/project002/11_diabetes_model_reg/inference/0/scored/dev/b5c0ebd5-dbc7-4020-8c9d-259e2360f490'),\n\tdf_file_name as string ('*.parquet'),\n\tdf_in_data_time as string ('2021-06-23 10:35:01.243860Z'),\n\tdf_scoring_time as string ('')\n}\nsource(output(\n\t\tAGE as double,\n\t\tSEX as double,\n\t\tBMI as double,\n\t\tBP as double,\n\t\tS1 as double,\n\t\tS2 as double,\n\t\tS3 as double,\n\t\tS4 as double,\n\t\tS5 as double,\n\t\tS6 as double,\n\t\tprediction as double,\n\t\tperson_id as long\n\t),\n\tallowSchemaDrift: true,\n\tvalidateSchema: false,\n\tignoreNoFilesFound: false,\n\tformat: 'parquet',\n\twildcardPaths:[(concat($df_gold_scored_path,'/',$df_file_name))]) ~> LastGoldScored\nLastGoldScored alterRow(upsertIf(true())) ~> AlterRowUpsertAll\nAlterRowUpsertAll derive(person_id = toInteger(person_id),\n\t\tprediction = toDecimal(prediction),\n\t\tp_in_data_time = $df_in_data_time,\n\t\tp_scoring_time = $df_scoring_time) ~> ColumnsTypeCast\nColumnsTypeCast sink(allowSchemaDrift: true,\n\tvalidateSchema: true,\n\tinput(\n\t\tPersonId as integer,\n\t\tDiabetesMLScoring as decimal(18,0),\n\t\tts as timestamp,\n\t\tscoring_time as string,\n\t\tin_data_time as string\n\t),\n\tdeletable:false,\n\tinsertable:true,\n\tupdateable:true,\n\tupsertable:true,\n\tkeys:['PersonId'],\n\tformat: 'table',\n\tskipDuplicateMapInputs: true,\n\tskipDuplicateMapOutputs: true,\n\terrorHandlingOption: 'stopOnFirstError',\n\tmapColumn(\n\t\tPersonId = person_id,\n\t\tDiabetesMLScoring = prediction,\n\t\tin_data_time = p_in_data_time,\n\t\tscoring_time = p_scoring_time\n\t)) ~> PersonIDScoring"
				}
			},
			"dependsOn": [
				"[concat(variables('factoryId'), '/datasets/ds_last_gold_scored')]",
				"[concat(variables('factoryId'), '/datasets/AzureSql_PersonID_Scoring')]"
			]
		},
		{
			"name": "[concat(parameters('factoryName'), '/default')]",
			"type": "Microsoft.DataFactory/factories/managedVirtualNetworks",
			"apiVersion": "2018-06-01",
			"dependsOn": []
		},
		{
			"name": "[concat(parameters('factoryName'), '/ds_last_gold_scored')]",
			"type": "Microsoft.DataFactory/factories/datasets",
			"apiVersion": "2018-06-01",
			"properties": {
				"linkedServiceName": {
					"referenceName": "[parameters('esml_autolake_dev')]",
					"type": "LinkedServiceReference"
				},
				"parameters": {
					"lake_container_name": {
						"type": "string",
						"defaultValue": "lake3"
					},
					"gold_scored_path": {
						"type": "string",
						"defaultValue": "projects/project002/11_diabetes_model_reg/inference/0/scored/dev/7b749a67-c791-4c2b-8430-4c61b935b7cc"
					},
					"file_name": {
						"type": "string",
						"defaultValue": "*.parquet"
					}
				},
				"folder": {
					"name": "Projects/Project002/11_diabetes_model_reg"
				},
				"annotations": [],
				"type": "Parquet",
				"typeProperties": {
					"location": {
						"type": "AzureBlobFSLocation",
						"fileName": {
							"value": "@dataset().file_name",
							"type": "Expression"
						},
						"folderPath": {
							"value": "@dataset().gold_scored_path",
							"type": "Expression"
						},
						"fileSystem": {
							"value": "@dataset().lake_container_name",
							"type": "Expression"
						}
					},
					"compressionCodec": "snappy"
				},
				"schema": [
					{
						"name": "AGE",
						"type": "DOUBLE"
					},
					{
						"name": "SEX",
						"type": "DOUBLE"
					},
					{
						"name": "BMI",
						"type": "DOUBLE"
					},
					{
						"name": "BP",
						"type": "DOUBLE"
					},
					{
						"name": "S1",
						"type": "DOUBLE"
					},
					{
						"name": "S2",
						"type": "DOUBLE"
					},
					{
						"name": "S3",
						"type": "DOUBLE"
					},
					{
						"name": "S4",
						"type": "DOUBLE"
					},
					{
						"name": "S5",
						"type": "DOUBLE"
					},
					{
						"name": "S6",
						"type": "DOUBLE"
					},
					{
						"name": "prediction",
						"type": "DOUBLE"
					},
					{
						"name": "person_id",
						"type": "INT64"
					}
				]
			},
			"dependsOn": []
		},
		{
			"name": "[concat(parameters('factoryName'), '/AzureSql_PersonID_Scoring')]",
			"type": "Microsoft.DataFactory/factories/datasets",
			"apiVersion": "2018-06-01",
			"properties": {
				"linkedServiceName": {
					"referenceName": "[parameters('AzureSqlDatabase1')]",
					"type": "LinkedServiceReference"
				},
				"folder": {
					"name": "Projects/Project002/11_diabetes_model_reg/source"
				},
				"annotations": [],
				"type": "AzureSqlTable",
				"schema": [
					{
						"name": "PersonId",
						"type": "int",
						"precision": 10
					},
					{
						"name": "DiabetesMLScoring",
						"type": "decimal",
						"precision": 18,
						"scale": 0
					},
					{
						"name": "ts",
						"type": "datetime",
						"precision": 23,
						"scale": 3
					},
					{
						"name": "scoring_time",
						"type": "varchar"
					},
					{
						"name": "in_data_time",
						"type": "varchar"
					}
				],
				"typeProperties": {
					"schema": "dbo",
					"table": "esml_personID_scoring"
				}
			},
			"dependsOn": []
		}
	]
}