{"$schema":"http://schema.management.azure.com/schemas/2015-01-01/deploymentTemplate.json#","contentVersion":"1.0.0.0","parameters":{"factoryName":{"type":"string","metadata":"Data Factory name"},"AzureMLService_p002_dev":{"type":"string"}},"variables":{"factoryId":"[concat('Microsoft.DataFactory/factories/', parameters('factoryName'))]"},"resources":[{"name":"[concat(parameters('factoryName'), '/STEP03_IN_2_GOLD_PowerBI_LakeOnly')]","type":"Microsoft.DataFactory/factories/pipelines","apiVersion":"2018-06-01","properties":{"activities":[{"name":"IN_2_GOLD","description":"Reads DataLake PROJECT_Model_Inference_IN-folder. for project002_aml_dev","type":"AzureMLExecutePipeline","dependsOn":[{"activity":"Daily_dataprocessing_or_other_date","dependencyConditions":["Succeeded"]}],"policy":{"timeout":"7.00:00:00","retry":0,"retryIntervalInSeconds":30,"secureOutput":false,"secureInput":false},"userProperties":[],"typeProperties":{"experimentName":"","mlPipelineParameters":{"esml_inference_model_version":{"value":"@pipeline().parameters.esml_model_version","type":"Expression"},"esml_scoring_folder_date":{"value":"@pipeline().parameters.esml_in_scoring_date_utc_str","type":"Expression"}},"mlPipelineEndpointId":"5c1c0622-2f18-4380-865f-b5df380f2345"},"linkedServiceName":{"referenceName":"[parameters('AzureMLService_p002_dev')]","type":"LinkedServiceReference"}},{"name":"Daily_dataprocessing_or_other_date","description":"Overrite either ML parameter esml_scoring_folder_date in the AML activity which is using the ADF-pipeline-parameter esml_in_scoring_date_utc_str","type":"SetVariable","dependsOn":[],"userProperties":[],"typeProperties":{"variableName":"esml_in_date","value":{"value":"@formatDateTime(utcnow(), 'yyyy/MM/dd')","type":"Expression"}}}],"policy":{"elapsedTimeMetric":{},"cancelAfter":{}},"parameters":{"ds_GOLD":{"type":"string","defaultValue":"projects/{project_name_ph}/{model_name_ph}/inference/{version_ph}/gold/{esml_dev_test_prod_ph}/"},"lake_container_name":{"type":"string","defaultValue":"lake3"},"esml_in_scoring_date_utc_str":{"type":"string","defaultValue":"2021-06-23 10:35:01.243860"},"esml_model_version":{"type":"string","defaultValue":"1"},"esml_project_name":{"type":"string","defaultValue":"project002"},"esml_model_name":{"type":"string","defaultValue":"11_diabetes_model_reg"},"esml_dev_test_prod":{"type":"string","defaultValue":"dev"}},"variables":{"pipe_config_writeback_directly":{"type":"Boolean","defaultValue":false},"esml_in_date":{"type":"String","defaultValue":"yyyy/MM/dd"}},"folder":{"name":"Projects/Project002/11_diabetes_model_reg/A_Datamesh_external_di_team/LakeOnly"},"annotations":[]},"dependsOn":[]},{"name":"[concat(parameters('factoryName'), '/default')]","type":"Microsoft.DataFactory/factories/managedVirtualNetworks","apiVersion":"2018-06-01","properties":{},"dependsOn":[]}]}