{"$schema":"http://schema.management.azure.com/schemas/2015-01-01/deploymentTemplate.json#","contentVersion":"1.0.0.0","parameters":{"factoryName":{"type":"string","metadata":"Data Factory name"},"esml_autolake_dev":{"type":"string"}},"variables":{"factoryId":"[concat('Microsoft.DataFactory/factories/', parameters('factoryName'))]"},"resources":[{"name":"[concat(parameters('factoryName'), '/STEP02b_MASTER_IN_csv_2_Project_IN_parquet_dsXX')]","type":"Microsoft.DataFactory/factories/pipelines","apiVersion":"2018-06-01","properties":{"activities":[{"name":"MASTER_2_Project_IN_INFERENCE","description":"a) SOURCE Database to Datalake IN folder\nb) Subscribe: MASTER/Bronze to Project/Bronze folder","type":"Copy","dependsOn":[{"activity":"Daily_scoring_or_other_date","dependencyConditions":["Succeeded"]}],"policy":{"timeout":"7.00:00:00","retry":0,"retryIntervalInSeconds":30,"secureOutput":false,"secureInput":false},"userProperties":[],"typeProperties":{"source":{"type":"DelimitedTextSource","storeSettings":{"type":"AzureBlobFSReadSettings","recursive":true,"enablePartitionDiscovery":false},"formatSettings":{"type":"DelimitedTextReadSettings"}},"sink":{"type":"ParquetSink","storeSettings":{"type":"AzureBlobFSWriteSettings"},"formatSettings":{"type":"ParquetWriteSettings"}},"enableStaging":false,"validateDataConsistency":true,"translator":{"type":"TabularTranslator","mappings":[{"source":{"name":"AGE","type":"String"},"sink":{"name":"AGE","type":"String"}},{"source":{"name":"SEX","type":"String"},"sink":{"name":"SEX","type":"String"}},{"source":{"name":"BMI","type":"String"},"sink":{"name":"BMI","type":"String"}},{"source":{"name":"BP","type":"String"},"sink":{"name":"BP","type":"String"}},{"source":{"name":"S1","type":"String"},"sink":{"name":"S1","type":"String"}},{"source":{"name":"S2","type":"String"},"sink":{"name":"S2","type":"String"}},{"source":{"name":"S3","type":"String"},"sink":{"name":"S3","type":"String"}},{"source":{"name":"S4","type":"String"},"sink":{"name":"S4","type":"String"}},{"source":{"name":"S5","type":"String"},"sink":{"name":"S5","type":"String"}},{"source":{"name":"S6","type":"String"},"sink":{"name":"S6","type":"String"}},{"source":{"name":"Y","type":"String"},"sink":{"name":"Y","type":"String"}}]}},"inputs":[{"referenceName":"ds00_csv_utf8","type":"DatasetReference","parameters":{"lake_container_name":{"value":"@pipeline().parameters.lake_container_name","type":"Expression"},"ds_MASTER_IN":{"value":"@concat(replace(replace(string(pipeline().parameters.ds_MASTER_IN),'{ds_parent_name_ph}',pipeline().parameters.esml_ds_parent_name),'{ds_name_ph}',pipeline().parameters.esml_ds_name), variables('esml_in_date'))","type":"Expression"},"esml_ds_schema_sample":{"value":"@pipeline().parameters.esml_ds_schema_sample","type":"Expression"}}}],"outputs":[{"referenceName":"ds00_parquet_PROJECT_IN_pq","type":"DatasetReference","parameters":{"lake_container_name":{"value":"@pipeline().parameters.lake_container_name","type":"Expression"},"ds_PROJECT_IN":{"value":"@concat(replace(replace(replace(replace(replace(string(pipeline().parameters.ds_PROJECT_IN_SCORE),'{project_name_ph}',pipeline().parameters.esml_project_name),'{model_name_ph}',pipeline().parameters.esml_model_name),'{version_ph}',pipeline().parameters.esml_version),'{ds_name_ph}',pipeline().parameters.esml_ds_name),'{esml_dev_test_prod_ph}',pipeline().parameters.esml_dev_test_prod),variables('esml_in_date'))","type":"Expression"}}}]},{"name":"MASTER_2_Project_IN_TRAIN","description":"a) MASTER/IN -> PROJECT/IN\nb) Subscribe: MASTER/Bronze to Project/Bronze folder","type":"Copy","dependsOn":[{"activity":"Daily_scoring_or_other_date","dependencyConditions":["Succeeded"]}],"policy":{"timeout":"7.00:00:00","retry":0,"retryIntervalInSeconds":30,"secureOutput":false,"secureInput":false},"userProperties":[],"typeProperties":{"source":{"type":"DelimitedTextSource","storeSettings":{"type":"AzureBlobFSReadSettings","recursive":true,"enablePartitionDiscovery":false},"formatSettings":{"type":"DelimitedTextReadSettings"}},"sink":{"type":"ParquetSink","storeSettings":{"type":"AzureBlobFSWriteSettings"},"formatSettings":{"type":"ParquetWriteSettings"}},"enableStaging":false,"validateDataConsistency":true,"translator":{"type":"TabularTranslator","mappings":[{"source":{"name":"AGE","type":"String"},"sink":{"name":"AGE","type":"String"}},{"source":{"name":"SEX","type":"String"},"sink":{"name":"SEX","type":"String"}},{"source":{"name":"BMI","type":"String"},"sink":{"name":"BMI","type":"String"}},{"source":{"name":"BP","type":"String"},"sink":{"name":"BP","type":"String"}},{"source":{"name":"S1","type":"String"},"sink":{"name":"S1","type":"String"}},{"source":{"name":"S2","type":"String"},"sink":{"name":"S2","type":"String"}},{"source":{"name":"S3","type":"String"},"sink":{"name":"S3","type":"String"}},{"source":{"name":"S4","type":"String"},"sink":{"name":"S4","type":"String"}},{"source":{"name":"S5","type":"String"},"sink":{"name":"S5","type":"String"}},{"source":{"name":"S6","type":"String"},"sink":{"name":"S6","type":"String"}},{"source":{"name":"Y","type":"String"},"sink":{"name":"Y","type":"String"}}]}},"inputs":[{"referenceName":"ds00_csv_utf8","type":"DatasetReference","parameters":{"lake_container_name":{"value":"@pipeline().parameters.lake_container_name","type":"Expression"},"ds_MASTER_IN":{"value":"@concat(replace(replace(string(pipeline().parameters.ds_MASTER_IN),'{ds_parent_name_ph}',pipeline().parameters.esml_ds_parent_name),'{ds_name_ph}',pipeline().parameters.esml_ds_name), variables('esml_in_date'))","type":"Expression"},"esml_ds_schema_sample":{"value":"@pipeline().parameters.esml_ds_schema_sample","type":"Expression"}}}],"outputs":[{"referenceName":"ds00_parquet_PROJECT_IN_pq","type":"DatasetReference","parameters":{"lake_container_name":{"value":"@pipeline().parameters.lake_container_name","type":"Expression"},"ds_PROJECT_IN":{"value":"@concat(replace(replace(replace(replace(string(pipeline().parameters.ds_PROJECT_IN_TRAIN),'{project_name_ph}',pipeline().parameters.esml_project_name),'{model_name_ph}',pipeline().parameters.esml_model_name),'{ds_name_ph}',pipeline().parameters.esml_ds_name),'{esml_dev_test_prod_ph}',pipeline().parameters.esml_dev_test_prod),variables('esml_in_date'))","type":"Expression"}}}]},{"name":"Daily_scoring_or_other_date","type":"SetVariable","dependsOn":[],"userProperties":[],"typeProperties":{"variableName":"esml_in_date","value":{"value":"@formatDateTime('2020-01-01 10:35:01.243860', 'yyyy/MM/dd')","type":"Expression"}}},{"name":"debug_print_TRAIN_path","type":"SetVariable","dependsOn":[{"activity":"Daily_scoring_or_other_date","dependencyConditions":["Succeeded"]}],"userProperties":[],"typeProperties":{"variableName":"test","value":{"value":"@concat(replace(replace(replace(replace(string(pipeline().parameters.ds_PROJECT_IN_TRAIN),'{project_name_ph}',pipeline().parameters.esml_project_name),'{model_name_ph}',pipeline().parameters.esml_model_name),'{ds_name_ph}',pipeline().parameters.esml_ds_name),'{esml_dev_test_prod_ph}',pipeline().parameters.esml_dev_test_prod),variables('esml_in_date'))","type":"Expression"}}}],"policy":{"elapsedTimeMetric":{},"cancelAfter":{}},"parameters":{"lake_container_name":{"type":"string","defaultValue":"lake3"},"ds_MASTER_IN":{"type":"string","defaultValue":"master/{ds_parent_name_ph}/{ds_name_ph}/in/"},"ds_PROJECT_IN_TRAIN":{"type":"string","defaultValue":"projects/{project_name_ph}/{model_name_ph}/train/{ds_name_ph}/in/{esml_dev_test_prod_ph}/"},"ds_PROJECT_IN_SCORE":{"type":"string","defaultValue":"projects/{project_name_ph}/{model_name_ph}/inference/{version_ph}/{ds_name_ph}/in/{esml_dev_test_prod_ph}/"},"esml_in_train_date_utc_str":{"type":"string","defaultValue":"2020-01-01 10:35:01.243860"},"esml_in_scoring_date_utc_str":{"type":"string","defaultValue":"2020-01-01 10:35:01.243860"},"esml_version":{"type":"string","defaultValue":"1"},"esml_ds_parent_name":{"type":"string","defaultValue":"se/sap_patients"},"esml_ds_name":{"type":"string","defaultValue":"ds01_diabetes"},"esml_project_name":{"type":"string","defaultValue":"project002"},"esml_model_name":{"type":"string","defaultValue":"11_diabetes_model_reg"},"esml_dev_test_prod":{"type":"string","defaultValue":"dev"},"esml_ds_schema_sample":{"type":"string","defaultValue":"diabetes.csv"}},"variables":{"esml_in_date":{"type":"String","defaultValue":"yyyy/MM/dd"},"test":{"type":"String"}},"folder":{"name":"Master/21_SAP/ds01_diabetes/Project002"},"annotations":[]},"dependsOn":["[concat(variables('factoryId'), '/datasets/ds00_csv_utf8')]","[concat(variables('factoryId'), '/datasets/ds00_parquet_PROJECT_IN_pq')]"]},{"name":"[concat(parameters('factoryName'), '/ds00_csv_utf8')]","type":"Microsoft.DataFactory/factories/datasets","apiVersion":"2018-06-01","properties":{"linkedServiceName":{"referenceName":"[parameters('esml_autolake_dev')]","type":"LinkedServiceReference"},"parameters":{"lake_container_name":{"type":"string"},"ds_MASTER_IN":{"type":"string"},"esml_ds_schema_sample":{"type":"string"}},"folder":{"name":"MASTER/ds_csv_MASTER_IN_alternatives"},"annotations":[],"type":"DelimitedText","typeProperties":{"location":{"type":"AzureBlobFSLocation","fileName":{"value":"@dataset().esml_ds_schema_sample","type":"Expression"},"folderPath":{"value":"@dataset().ds_MASTER_IN","type":"Expression"},"fileSystem":{"value":"@dataset().lake_container_name","type":"Expression"}},"columnDelimiter":",","escapeChar":"\\","firstRowAsHeader":true,"quoteChar":"\""},"schema":[]},"dependsOn":[]},{"name":"[concat(parameters('factoryName'), '/ds00_parquet_PROJECT_IN_pq')]","type":"Microsoft.DataFactory/factories/datasets","apiVersion":"2018-06-01","properties":{"linkedServiceName":{"referenceName":"[parameters('esml_autolake_dev')]","type":"LinkedServiceReference"},"parameters":{"lake_container_name":{"type":"string"},"ds_PROJECT_IN":{"type":"string"}},"folder":{"name":"Projects/Project000/01_ml_model_xxx"},"annotations":[],"type":"Parquet","typeProperties":{"location":{"type":"AzureBlobFSLocation","fileName":"bronze.parquet","folderPath":{"value":"@dataset().ds_PROJECT_IN","type":"Expression"},"fileSystem":{"value":"@dataset().lake_container_name","type":"Expression"}},"compressionCodec":"snappy"},"schema":[]},"dependsOn":[]},{"name":"[concat(parameters('factoryName'), '/default')]","type":"Microsoft.DataFactory/factories/managedVirtualNetworks","apiVersion":"2018-06-01","properties":{},"dependsOn":[]}]}