{"$schema":"http://schema.management.azure.com/schemas/2015-01-01/deploymentTemplate.json#","contentVersion":"1.0.0.0","parameters":{"factoryName":{"type":"string","metadata":"Data Factory name"},"aml_esml_prj002_dev":{"type":"string"},"lake_esml_cmn_dev":{"type":"string"}},"variables":{"factoryId":"[concat('Microsoft.DataFactory/factories/', parameters('factoryName'))]"},"resources":[{"name":"[concat(parameters('factoryName'), '/STEP03_IN_2_GOLD_SCORING_LakeOnly')]","type":"Microsoft.DataFactory/factories/pipelines","apiVersion":"2018-06-01","properties":{"activities":[{"name":"IN_2_GOLD_SCORING","description":"Reads DataLake PROJECT_Model_Inference_IN-folder. for project002_aml_dev","type":"AzureMLExecutePipeline","dependsOn":[{"activity":"Historic data","dependencyConditions":["Succeeded"]}],"policy":{"timeout":"7.00:00:00","retry":0,"retryIntervalInSeconds":30,"secureOutput":false,"secureInput":false},"userProperties":[],"typeProperties":{"experimentName":"11_diabetes_model_reg_pipe_IN_2_GOLD_SCORING","mlPipelineParameters":{"esml_inference_model_version":{"value":"@pipeline().parameters.esml_model_version","type":"Expression"},"esml_scoring_folder_date":{"value":"@pipeline().parameters.esml_in_scoring_date_utc_str","type":"Expression"}},"mlPipelineEndpointId":"01274209-95e8-4ffb-9b95-9bfb1c865b28","version":"1"},"linkedServiceName":{"referenceName":"[parameters('aml_esml_prj002_dev')]","type":"LinkedServiceReference"}},{"name":"Daily_scoring_or_other_date","description":"Overrite either ML parameter esml_scoring_folder_date in the AML activity which is using the ADF-pipeline-parameter esml_in_scoring_date_utc_str","type":"SetVariable","dependsOn":[],"userProperties":[],"typeProperties":{"variableName":"esml_in_date","value":{"value":"@formatDateTime(utcnow(), 'yyyy/MM/dd')","type":"Expression"}}},{"name":"Historic data","type":"SetVariable","dependsOn":[{"activity":"Daily_scoring_or_other_date","dependencyConditions":["Succeeded"]}],"userProperties":[],"typeProperties":{"variableName":"esml_in_date","value":"2021/01/01"}},{"name":"AML triggerFix","type":"Copy","dependsOn":[{"activity":"IN_2_GOLD_SCORING","dependencyConditions":["Succeeded"]}],"policy":{"timeout":"7.00:00:00","retry":0,"retryIntervalInSeconds":30,"secureOutput":false,"secureInput":false},"userProperties":[],"typeProperties":{"source":{"type":"BinarySource","storeSettings":{"type":"AzureBlobFSReadSettings","recursive":true},"formatSettings":{"type":"BinaryReadSettings"}},"sink":{"type":"BinarySink","storeSettings":{"type":"AzureBlobFSWriteSettings"}},"enableStaging":false},"inputs":[{"referenceName":"ds_aml_trigger_fix_gold_scored","type":"DatasetReference","parameters":{"lake_container_name":"@pipeline().parameters.lake_container_name","path":"active","file_name":"esml_lake_version.json"}}],"outputs":[{"referenceName":"ds_aml_trigger_fix_gold_scored","type":"DatasetReference","parameters":{"lake_container_name":{"value":"@pipeline().parameters.lake_container_name","type":"Expression"},"path":{"value":"@variables('scored_gold_path')","type":"Expression"},"file_name":"esml_lake_version_dummy.json"}}]},{"name":"AML triggerFix DEL","type":"Delete","dependsOn":[{"activity":"AML triggerFix","dependencyConditions":["Succeeded"]}],"policy":{"timeout":"7.00:00:00","retry":0,"retryIntervalInSeconds":30,"secureOutput":false,"secureInput":false},"userProperties":[],"typeProperties":{"dataset":{"referenceName":"ds_aml_trigger_fix_gold_scored","type":"DatasetReference","parameters":{"lake_container_name":"@pipeline().parameters.lake_container_name","path":"@variables('scored_gold_path')","file_name":"esml_lake_version_dummy.json"}},"logStorageSettings":{"linkedServiceName":{"referenceName":"[parameters('lake_esml_cmn_dev')]","type":"LinkedServiceReference"},"path":"lake3/logging"},"enableLogging":true,"storeSettings":{"type":"AzureBlobFSReadSettings","recursive":true,"enablePartitionDiscovery":false}}}],"policy":{"elapsedTimeMetric":{},"cancelAfter":{}},"parameters":{"ds_gold_scored_runinfo_path":{"type":"string","defaultValue":"projects/{project_name_ph}/{model_name_ph}/inference/active/gold_scored_runinfo/"},"lake_container_name":{"type":"string","defaultValue":"lake3"},"esml_in_scoring_date_utc_str":{"type":"string","defaultValue":"2021-01-01 10:35:01.243860"},"esml_model_version":{"type":"string","defaultValue":"1"},"esml_project_name":{"type":"string","defaultValue":"project002"},"esml_model_name":{"type":"string","defaultValue":"11_diabetes_model_reg"}},"variables":{"scored_gold_path":{"type":"String","defaultValue":"projects/project002/11_diabetes_model_reg/inference/0/scored/dev/1111_dummy/"},"pipe_config_writeback_directly":{"type":"Boolean","defaultValue":false},"esml_in_date":{"type":"String","defaultValue":"yyyy/MM/dd"}},"folder":{"name":"Projects/Project002/11_diabetes_model_reg/A_Datamesh_external_di_team/LakeOnly"},"annotations":[]},"dependsOn":["[concat(variables('factoryId'), '/datasets/ds_aml_trigger_fix_gold_scored')]"]},{"name":"[concat(parameters('factoryName'), '/ds_aml_trigger_fix_gold_scored')]","type":"Microsoft.DataFactory/factories/datasets","apiVersion":"2018-06-01","properties":{"linkedServiceName":{"referenceName":"[parameters('lake_esml_cmn_dev')]","type":"LinkedServiceReference"},"parameters":{"lake_container_name":{"type":"string"},"path":{"type":"string"},"file_name":{"type":"string"}},"annotations":[],"type":"Binary","typeProperties":{"location":{"type":"AzureBlobFSLocation","fileName":{"value":"@dataset().file_name","type":"Expression"},"folderPath":{"value":"@dataset().path","type":"Expression"},"fileSystem":{"value":"@dataset().lake_container_name","type":"Expression"}}}},"dependsOn":[]},{"name":"[concat(parameters('factoryName'), '/default')]","type":"Microsoft.DataFactory/factories/managedVirtualNetworks","apiVersion":"2018-06-01","properties":{},"dependsOn":[]}]}