{
	"$schema": "http://schema.management.azure.com/schemas/2015-01-01/deploymentTemplate.json#",
	"contentVersion": "1.0.0.0",
	"parameters": {
		"factoryName": {
			"type": "string",
			"metadata": "Data Factory name"
		},
		"esml_autolake_dev": {
			"type": "string"
		}
	},
	"variables": {
		"factoryId": "[concat('Microsoft.DataFactory/factories/', parameters('factoryName'))]"
	},
	"resources": [
		{
			"name": "[concat(parameters('factoryName'), '/STEP04_ShareBack_2_MASTER')]",
			"type": "Microsoft.DataFactory/factories/pipelines",
			"apiVersion": "2018-06-01",
			"properties": {
				"activities": [
					{
						"name": "Silver_2_Master",
						"type": "Copy",
						"dependsOn": [],
						"policy": {
							"timeout": "7.00:00:00",
							"retry": 0,
							"retryIntervalInSeconds": 30,
							"secureOutput": false,
							"secureInput": false
						},
						"userProperties": [],
						"typeProperties": {
							"source": {
								"type": "ParquetSource",
								"storeSettings": {
									"type": "AzureBlobFSReadSettings",
									"recursive": true,
									"enablePartitionDiscovery": false
								}
							},
							"sink": {
								"type": "ParquetSink",
								"storeSettings": {
									"type": "AzureBlobFSWriteSettings"
								},
								"formatSettings": {
									"type": "ParquetWriteSettings"
								}
							},
							"enableStaging": false,
							"translator": {
								"type": "TabularTranslator",
								"typeConversion": true,
								"typeConversionSettings": {
									"allowDataTruncation": true,
									"treatBooleanAsNumber": false
								}
							}
						},
						"inputs": [
							{
								"referenceName": "ds_PROJECT_SILVER",
								"type": "DatasetReference",
								"parameters": {
									"lake_container_name": {
										"value": "@pipeline().parameters.lake_container_name",
										"type": "Expression"
									},
									"ds_PROJECT_SILVER": {
										"value": "@concat(replace(replace(replace(replace(string(pipeline().parameters.ds_PROJECT_SILVER_source),'{project_name_ph}',pipeline().parameters.esml_project_name),'{model_name_ph}',pipeline().parameters.esml_model_name),'{version_ph}',pipeline().parameters.esml_version),'{ds_name_ph}',pipeline().parameters.esml_ds_name))",
										"type": "Expression"
									}
								}
							}
						],
						"outputs": [
							{
								"referenceName": "ds_MASTER_ShareBack_SILVER",
								"type": "DatasetReference",
								"parameters": {
									"ds_MASTER_OUT_pt1": {
										"value": "@concat(replace(replace(string(pipeline().parameters.ds_MASTER_OUT_pt1),'{ds_parent_name_ph}',pipeline().parameters.esml_ds_parent_name),'{ds_name_ph}',pipeline().parameters.esml_ds_name))",
										"type": "Expression"
									},
									"ds_PROJECT_SILVER_pt2": {
										"value": "@concat(replace(string(pipeline().parameters.ds_PROJECT_SILVER_pt2),'{project_name_ph}',pipeline().parameters.esml_project_name),formatDateTime(utcnow(), 'yyyy/MM/dd'))",
										"type": "Expression"
									},
									"lake_container_name": {
										"value": "@pipeline().parameters.lake_container_name",
										"type": "Expression"
									}
								}
							}
						]
					},
					{
						"name": "Bronze_2_Master",
						"type": "Copy",
						"dependsOn": [],
						"policy": {
							"timeout": "7.00:00:00",
							"retry": 0,
							"retryIntervalInSeconds": 30,
							"secureOutput": false,
							"secureInput": false
						},
						"userProperties": [],
						"typeProperties": {
							"source": {
								"type": "ParquetSource",
								"storeSettings": {
									"type": "AzureBlobFSReadSettings",
									"recursive": true,
									"enablePartitionDiscovery": false
								}
							},
							"sink": {
								"type": "ParquetSink",
								"storeSettings": {
									"type": "AzureBlobFSWriteSettings"
								},
								"formatSettings": {
									"type": "ParquetWriteSettings"
								}
							},
							"enableStaging": false,
							"translator": {
								"type": "TabularTranslator",
								"typeConversion": true,
								"typeConversionSettings": {
									"allowDataTruncation": true,
									"treatBooleanAsNumber": false
								}
							}
						},
						"inputs": [
							{
								"referenceName": "ds_PROJECT_BRONZE",
								"type": "DatasetReference",
								"parameters": {
									"lake_container_name": {
										"value": "@pipeline().parameters.lake_container_name",
										"type": "Expression"
									},
									"ds_PROJECT_BRONZE": {
										"value": "@concat(replace(replace(replace(replace(string(pipeline().parameters.ds_PROJECT_BRONZE_source),'{project_name_ph}',pipeline().parameters.esml_project_name),'{model_name_ph}',pipeline().parameters.esml_model_name),'{version_ph}',pipeline().parameters.esml_version),'{ds_name_ph}',pipeline().parameters.esml_ds_name))",
										"type": "Expression"
									}
								}
							}
						],
						"outputs": [
							{
								"referenceName": "ds_MASTER_ShareBack_BRONZE",
								"type": "DatasetReference",
								"parameters": {
									"ds_MASTER_OUT_pt1": {
										"value": "@concat(replace(replace(string(pipeline().parameters.ds_MASTER_OUT_pt1),'{ds_parent_name_ph}',pipeline().parameters.esml_ds_parent_name),'{ds_name_ph}',pipeline().parameters.esml_ds_name))",
										"type": "Expression"
									},
									"ds_PROJECT_BRONZE_pt2": {
										"value": "@concat(replace(string(pipeline().parameters.ds_PROJECT_BRONZE_pt2),'{project_name_ph}',pipeline().parameters.esml_project_name),formatDateTime(utcnow(), 'yyyy/MM/dd'))",
										"type": "Expression"
									},
									"lake_container_name": {
										"value": "@pipeline().parameters.lake_container_name",
										"type": "Expression"
									}
								}
							}
						]
					},
					{
						"name": "GOLD_2_Master",
						"type": "Copy",
						"dependsOn": [],
						"policy": {
							"timeout": "7.00:00:00",
							"retry": 0,
							"retryIntervalInSeconds": 30,
							"secureOutput": false,
							"secureInput": false
						},
						"userProperties": [],
						"typeProperties": {
							"source": {
								"type": "ParquetSource",
								"storeSettings": {
									"type": "AzureBlobFSReadSettings",
									"recursive": true,
									"enablePartitionDiscovery": false
								}
							},
							"sink": {
								"type": "ParquetSink",
								"storeSettings": {
									"type": "AzureBlobFSWriteSettings"
								},
								"formatSettings": {
									"type": "ParquetWriteSettings"
								}
							},
							"enableStaging": false,
							"translator": {
								"type": "TabularTranslator",
								"typeConversion": true,
								"typeConversionSettings": {
									"allowDataTruncation": true,
									"treatBooleanAsNumber": false
								}
							}
						},
						"inputs": [
							{
								"referenceName": "ds_PROJECT_GOLD",
								"type": "DatasetReference",
								"parameters": {
									"lake_container_name": {
										"value": "@pipeline().parameters.lake_container_name",
										"type": "Expression"
									},
									"ds_PROJECT_GOLD": {
										"value": "@concat(replace(replace(string(pipeline().parameters.ds_PROJECT_GOLD),'{project_name_ph}',pipeline().parameters.esml_project_name),'{model_name_ph}',pipeline().parameters.esml_model_name))",
										"type": "Expression"
									}
								}
							}
						],
						"outputs": [
							{
								"referenceName": "ds_MASTER_ShareBack_GOLD",
								"type": "DatasetReference",
								"parameters": {
									"ds_MASTER_OUT_pt1": {
										"value": "master/gold/",
										"type": "Expression"
									},
									"ds_PROJECT_GOLD_pt2": {
										"value": "@concat(pipeline().parameters.esml_model_name,'/',pipeline().parameters.esml_project_name)",
										"type": "Expression"
									},
									"lake_container_name": {
										"value": "@pipeline().parameters.lake_container_name",
										"type": "Expression"
									}
								}
							}
						]
					}
				],
				"parameters": {
					"lake_container_name": {
						"type": "string",
						"defaultValue": "lake3"
					},
					"ds_MASTER_OUT_pt1": {
						"type": "string",
						"defaultValue": "master/{ds_parent_name_ph}/{ds_name_ph}/out/"
					},
					"ds_PROJECT_BRONZE_pt2": {
						"type": "string",
						"defaultValue": "{project_name_ph}/out/bronze/dev/"
					},
					"ds_PROJECT_SILVER_pt2": {
						"type": "string",
						"defaultValue": "{project_name_ph}/out/silver/dev/"
					},
					"ds_PROJECT_BRONZE_source": {
						"type": "string",
						"defaultValue": "projects/{project_name_ph}/{model_name_ph}/inference/{version_ph}/{ds_name_ph}/out/bronze/dev/"
					},
					"ds_PROJECT_SILVER_source": {
						"type": "string",
						"defaultValue": "projects/{project_name_ph}/{model_name_ph}/inference/{version_ph}/{ds_name_ph}/out/silver/dev/"
					},
					"esml_version": {
						"type": "string",
						"defaultValue": "1"
					},
					"esml_project_name": {
						"type": "string",
						"defaultValue": "project002"
					},
					"esml_model_name": {
						"type": "string",
						"defaultValue": "11_diabetes_model_reg"
					},
					"esml_ds_name": {
						"type": "string",
						"defaultValue": "ds01_diabetes"
					},
					"ds_PROJECT_GOLD": {
						"type": "string",
						"defaultValue": "projects/{project_name_ph}/{model_name_ph}/inference/0/gold/dev/"
					},
					"esml_ds_parent_name": {
						"type": "string",
						"defaultValue": "se/sap_patients"
					}
				},
				"folder": {
					"name": "Master/SAP/ds_diabetes/Project002"
				},
				"annotations": []
			},
			"dependsOn": [
				"[concat(variables('factoryId'), '/datasets/ds_PROJECT_SILVER')]",
				"[concat(variables('factoryId'), '/datasets/ds_MASTER_ShareBack_SILVER')]",
				"[concat(variables('factoryId'), '/datasets/ds_PROJECT_BRONZE')]",
				"[concat(variables('factoryId'), '/datasets/ds_MASTER_ShareBack_BRONZE')]",
				"[concat(variables('factoryId'), '/datasets/ds_PROJECT_GOLD')]",
				"[concat(variables('factoryId'), '/datasets/ds_MASTER_ShareBack_GOLD')]"
			]
		},
		{
			"name": "[concat(parameters('factoryName'), '/ds_PROJECT_SILVER')]",
			"type": "Microsoft.DataFactory/factories/datasets",
			"apiVersion": "2018-06-01",
			"properties": {
				"linkedServiceName": {
					"referenceName": "[parameters('esml_autolake_dev')]",
					"type": "LinkedServiceReference"
				},
				"parameters": {
					"lake_container_name": {
						"type": "string"
					},
					"ds_PROJECT_SILVER": {
						"type": "string"
					}
				},
				"folder": {
					"name": "Projects/Project002/11_diabetes_model_reg"
				},
				"annotations": [],
				"type": "Parquet",
				"typeProperties": {
					"location": {
						"type": "AzureBlobFSLocation",
						"fileName": "silver.parquet",
						"folderPath": {
							"value": "@dataset().ds_PROJECT_SILVER",
							"type": "Expression"
						},
						"fileSystem": {
							"value": "@dataset().lake_container_name",
							"type": "Expression"
						}
					},
					"compressionCodec": "snappy"
				},
				"schema": []
			},
			"dependsOn": []
		},
		{
			"name": "[concat(parameters('factoryName'), '/ds_MASTER_ShareBack_SILVER')]",
			"type": "Microsoft.DataFactory/factories/datasets",
			"apiVersion": "2018-06-01",
			"properties": {
				"linkedServiceName": {
					"referenceName": "[parameters('esml_autolake_dev')]",
					"type": "LinkedServiceReference"
				},
				"parameters": {
					"ds_MASTER_OUT_pt1": {
						"type": "string"
					},
					"ds_PROJECT_SILVER_pt2": {
						"type": "string"
					},
					"lake_container_name": {
						"type": "string"
					}
				},
				"folder": {
					"name": "MASTER"
				},
				"annotations": [],
				"type": "Parquet",
				"typeProperties": {
					"location": {
						"type": "AzureBlobFSLocation",
						"fileName": "silver.parquet",
						"folderPath": {
							"value": "@concat(dataset().ds_MASTER_OUT_pt1, dataset().ds_PROJECT_SILVER_pt2)",
							"type": "Expression"
						},
						"fileSystem": {
							"value": "@dataset().lake_container_name",
							"type": "Expression"
						}
					},
					"compressionCodec": "snappy"
				},
				"schema": []
			},
			"dependsOn": []
		},
		{
			"name": "[concat(parameters('factoryName'), '/ds_PROJECT_BRONZE')]",
			"type": "Microsoft.DataFactory/factories/datasets",
			"apiVersion": "2018-06-01",
			"properties": {
				"linkedServiceName": {
					"referenceName": "[parameters('esml_autolake_dev')]",
					"type": "LinkedServiceReference"
				},
				"parameters": {
					"lake_container_name": {
						"type": "string"
					},
					"ds_PROJECT_BRONZE": {
						"type": "string"
					}
				},
				"folder": {
					"name": "Projects/Project002/11_diabetes_model_reg"
				},
				"annotations": [],
				"type": "Parquet",
				"typeProperties": {
					"location": {
						"type": "AzureBlobFSLocation",
						"fileName": "bronze.parquet",
						"folderPath": {
							"value": "@dataset().ds_PROJECT_BRONZE",
							"type": "Expression"
						},
						"fileSystem": {
							"value": "@dataset().lake_container_name",
							"type": "Expression"
						}
					},
					"compressionCodec": "snappy"
				},
				"schema": []
			},
			"dependsOn": []
		},
		{
			"name": "[concat(parameters('factoryName'), '/ds_MASTER_ShareBack_BRONZE')]",
			"type": "Microsoft.DataFactory/factories/datasets",
			"apiVersion": "2018-06-01",
			"properties": {
				"linkedServiceName": {
					"referenceName": "[parameters('esml_autolake_dev')]",
					"type": "LinkedServiceReference"
				},
				"parameters": {
					"ds_MASTER_OUT_pt1": {
						"type": "string"
					},
					"ds_PROJECT_BRONZE_pt2": {
						"type": "string"
					},
					"lake_container_name": {
						"type": "string"
					}
				},
				"folder": {
					"name": "MASTER"
				},
				"annotations": [],
				"type": "Parquet",
				"typeProperties": {
					"location": {
						"type": "AzureBlobFSLocation",
						"fileName": "bronze.parquet",
						"folderPath": {
							"value": "@concat(dataset().ds_MASTER_OUT_pt1, dataset().ds_PROJECT_BRONZE_pt2)",
							"type": "Expression"
						},
						"fileSystem": {
							"value": "@dataset().lake_container_name",
							"type": "Expression"
						}
					},
					"compressionCodec": "snappy"
				},
				"schema": []
			},
			"dependsOn": []
		},
		{
			"name": "[concat(parameters('factoryName'), '/ds_PROJECT_GOLD')]",
			"type": "Microsoft.DataFactory/factories/datasets",
			"apiVersion": "2018-06-01",
			"properties": {
				"linkedServiceName": {
					"referenceName": "[parameters('esml_autolake_dev')]",
					"type": "LinkedServiceReference"
				},
				"parameters": {
					"lake_container_name": {
						"type": "string"
					},
					"ds_PROJECT_GOLD": {
						"type": "string"
					}
				},
				"folder": {
					"name": "Projects/Project002/11_diabetes_model_reg"
				},
				"annotations": [],
				"type": "Parquet",
				"typeProperties": {
					"location": {
						"type": "AzureBlobFSLocation",
						"fileName": "gold_to_score.parquet",
						"folderPath": {
							"value": "@dataset().ds_PROJECT_GOLD",
							"type": "Expression"
						},
						"fileSystem": {
							"value": "@dataset().lake_container_name",
							"type": "Expression"
						}
					},
					"compressionCodec": "snappy"
				},
				"schema": []
			},
			"dependsOn": []
		},
		{
			"name": "[concat(parameters('factoryName'), '/ds_MASTER_ShareBack_GOLD')]",
			"type": "Microsoft.DataFactory/factories/datasets",
			"apiVersion": "2018-06-01",
			"properties": {
				"linkedServiceName": {
					"referenceName": "[parameters('esml_autolake_dev')]",
					"type": "LinkedServiceReference"
				},
				"parameters": {
					"ds_MASTER_OUT_pt1": {
						"type": "string"
					},
					"ds_PROJECT_GOLD_pt2": {
						"type": "string"
					},
					"lake_container_name": {
						"type": "string"
					}
				},
				"folder": {
					"name": "MASTER"
				},
				"annotations": [],
				"type": "Parquet",
				"typeProperties": {
					"location": {
						"type": "AzureBlobFSLocation",
						"fileName": "gold.parquet",
						"folderPath": {
							"value": "@concat(dataset().ds_MASTER_OUT_pt1, dataset().ds_PROJECT_GOLD_pt2)",
							"type": "Expression"
						},
						"fileSystem": {
							"value": "@dataset().lake_container_name",
							"type": "Expression"
						}
					},
					"compressionCodec": "snappy"
				},
				"schema": []
			},
			"dependsOn": []
		},
		{
			"name": "[concat(parameters('factoryName'), '/default')]",
			"type": "Microsoft.DataFactory/factories/managedVirtualNetworks",
			"apiVersion": "2018-06-01",
			"dependsOn": []
		}
	]
}