{
	"$schema": "http://schema.management.azure.com/schemas/2015-01-01/deploymentTemplate.json#",
	"contentVersion": "1.0.0.0",
	"parameters": {
		"factoryName": {
			"type": "string",
			"metadata": "Data Factory name"
		},
		"AzureSqlDatabase1": {
			"type": "string"
		},
		"esml_autolake_dev": {
			"type": "string"
		}
	},
	"variables": {
		"factoryId": "[concat('Microsoft.DataFactory/factories/', parameters('factoryName'))]"
	},
	"resources": [
		{
			"name": "[concat(parameters('factoryName'), '/STEP01b_MR_ds01_Source_2_MASTER_IN')]",
			"type": "Microsoft.DataFactory/factories/pipelines",
			"apiVersion": "2018-06-01",
			"properties": {
				"activities": [
					{
						"name": "Source_2_Master_IN",
						"description": "a) SOURCE Database to Datalake MASTER IN folder\nb) Subscribe: MASTER/Bronze to Project/Bronze folder",
						"type": "Copy",
						"dependsOn": [
							{
								"activity": "Daily_scoring_or_other_date",
								"dependencyConditions": [
									"Succeeded"
								]
							}
						],
						"policy": {
							"timeout": "7.00:00:00",
							"retry": 0,
							"retryIntervalInSeconds": 30,
							"secureOutput": false,
							"secureInput": false
						},
						"userProperties": [],
						"typeProperties": {
							"source": {
								"type": "AzureSqlSource",
								"queryTimeout": "02:00:00",
								"partitionOption": "None"
							},
							"sink": {
								"type": "DelimitedTextSink",
								"storeSettings": {
									"type": "AzureBlobFSWriteSettings"
								},
								"formatSettings": {
									"type": "DelimitedTextWriteSettings",
									"quoteAllText": true,
									"fileExtension": ".csv"
								}
							},
							"enableStaging": false,
							"translator": {
								"type": "TabularTranslator",
								"mappings": [
									{
										"source": {
											"name": "AGE",
											"type": "Double"
										},
										"sink": {
											"name": "AGE",
											"type": "Decimal"
										}
									},
									{
										"source": {
											"name": "SEX",
											"type": "Double"
										},
										"sink": {
											"name": "SEX",
											"type": "Decimal"
										}
									},
									{
										"source": {
											"name": "BMI",
											"type": "Double"
										},
										"sink": {
											"name": "BMI",
											"type": "Decimal"
										}
									},
									{
										"source": {
											"name": "BP",
											"type": "Double"
										},
										"sink": {
											"name": "BP",
											"type": "Decimal"
										}
									},
									{
										"source": {
											"name": "S1",
											"type": "Double"
										},
										"sink": {
											"name": "S1",
											"type": "Decimal"
										}
									},
									{
										"source": {
											"name": "S2",
											"type": "Double"
										},
										"sink": {
											"name": "S2",
											"type": "Decimal"
										}
									},
									{
										"source": {
											"name": "S3",
											"type": "Double"
										},
										"sink": {
											"name": "S3",
											"type": "Decimal"
										}
									},
									{
										"source": {
											"name": "S4",
											"type": "Double"
										},
										"sink": {
											"name": "S4",
											"type": "Decimal"
										}
									},
									{
										"source": {
											"name": "S5",
											"type": "Double"
										},
										"sink": {
											"name": "S5",
											"type": "Decimal"
										}
									},
									{
										"source": {
											"name": "S6",
											"type": "Double"
										},
										"sink": {
											"name": "S6",
											"type": "Decimal"
										}
									}
								]
							}
						},
						"inputs": [
							{
								"referenceName": "AzureSqlDiabetes",
								"type": "DatasetReference"
							}
						],
						"outputs": [
							{
								"referenceName": "ds_csv_MASTER_IN",
								"type": "DatasetReference",
								"parameters": {
									"lake_container_name": {
										"value": "@pipeline().parameters.lake_container_name",
										"type": "Expression"
									},
									"ds_MASTER_IN": {
										"value": "@concat(replace(replace(string(pipeline().parameters.ds_MASTER_IN),'{ds_parent_name_ph}',pipeline().parameters.ds_parent_name),'{ds_name_ph}',pipeline().parameters.ds_name), variables('esml_in_date'))",
										"type": "Expression"
									},
									"esml_ds_schema_sample": {
										"value": "@pipeline().parameters.esml_ds_schema_sample",
										"type": "Expression"
									}
								}
							}
						]
					},
					{
						"name": "Optional_MASTER_IN_OUT_Bronze",
						"description": "Optional: If ESML Core team has taken responsibility on owning a refinement pipeline. BRONZE, SILVER\n\nSceneario Either by creating themselves, or copy a projects refinement pipeline",
						"type": "Wait",
						"dependsOn": [
							{
								"activity": "Source_2_Master_IN",
								"dependencyConditions": [
									"Succeeded"
								]
							}
						],
						"userProperties": [],
						"typeProperties": {
							"waitTimeInSeconds": 1
						}
					},
					{
						"name": "Daily_scoring_or_other_date",
						"type": "SetVariable",
						"dependsOn": [],
						"userProperties": [],
						"typeProperties": {
							"variableName": "esml_in_date",
							"value": {
								"value": "@formatDateTime(utcnow(), 'yyyy/MM/dd')",
								"type": "Expression"
							}
						}
					}
				],
				"parameters": {
					"lake_container_name": {
						"type": "string",
						"defaultValue": "lake3"
					},
					"esml_in_date_utc_str": {
						"type": "string",
						"defaultValue": "2021-12-13 10:35:01.243860"
					},
					"ds_MASTER_IN": {
						"type": "string",
						"defaultValue": "master/{ds_parent_name_ph}/{ds_name_ph}/in/"
					},
					"ds_parent_name": {
						"type": "string",
						"defaultValue": "se/sap_patients"
					},
					"ds_name": {
						"type": "string",
						"defaultValue": "ds01_diabetes"
					},
					"esml_ds_schema_sample": {
						"type": "string",
						"defaultValue": "diabetes.csv"
					}
				},
				"variables": {
					"esml_in_date": {
						"type": "String",
						"defaultValue": "yyyy/MM/dd"
					}
				},
				"folder": {
					"name": "Master/21_SAP/ds01_diabetes"
				},
				"annotations": []
			},
			"dependsOn": [
				"[concat(variables('factoryId'), '/datasets/AzureSqlDiabetes')]",
				"[concat(variables('factoryId'), '/datasets/ds_csv_MASTER_IN')]"
			]
		},
		{
			"name": "[concat(parameters('factoryName'), '/AzureSqlDiabetes')]",
			"type": "Microsoft.DataFactory/factories/datasets",
			"apiVersion": "2018-06-01",
			"properties": {
				"linkedServiceName": {
					"referenceName": "[parameters('AzureSqlDatabase1')]",
					"type": "LinkedServiceReference"
				},
				"folder": {
					"name": "Projects/Project002/11_diabetes_model_reg/source"
				},
				"annotations": [],
				"type": "AzureSqlTable",
				"schema": [],
				"typeProperties": {
					"schema": "dbo",
					"table": "esml_diabetes"
				}
			},
			"dependsOn": []
		},
		{
			"name": "[concat(parameters('factoryName'), '/ds_csv_MASTER_IN')]",
			"type": "Microsoft.DataFactory/factories/datasets",
			"apiVersion": "2018-06-01",
			"properties": {
				"linkedServiceName": {
					"referenceName": "[parameters('esml_autolake_dev')]",
					"type": "LinkedServiceReference"
				},
				"parameters": {
					"lake_container_name": {
						"type": "string"
					},
					"ds_MASTER_IN": {
						"type": "string"
					},
					"esml_ds_schema_sample": {
						"type": "string"
					}
				},
				"folder": {
					"name": "MASTER"
				},
				"annotations": [],
				"type": "DelimitedText",
				"typeProperties": {
					"location": {
						"type": "AzureBlobFSLocation",
						"fileName": {
							"value": "@dataset().esml_ds_schema_sample",
							"type": "Expression"
						},
						"folderPath": {
							"value": "@dataset().ds_MASTER_IN",
							"type": "Expression"
						},
						"fileSystem": {
							"value": "@dataset().lake_container_name",
							"type": "Expression"
						}
					},
					"columnDelimiter": ",",
					"escapeChar": "\\",
					"firstRowAsHeader": true,
					"quoteChar": "\""
				},
				"schema": []
			},
			"dependsOn": []
		},
		{
			"name": "[concat(parameters('factoryName'), '/default')]",
			"type": "Microsoft.DataFactory/factories/managedVirtualNetworks",
			"apiVersion": "2018-06-01",
			"dependsOn": []
		}
	]
}