{"$schema":"http://schema.management.azure.com/schemas/2015-01-01/deploymentTemplate.json#","contentVersion":"1.0.0.0","parameters":{"factoryName":{"type":"string","metadata":"Data Factory name"},"esml_autolake_dev":{"type":"string"},"AzureSqlDatabase1":{"type":"string"}},"variables":{"factoryId":"[concat('Microsoft.DataFactory/factories/', parameters('factoryName'))]"},"resources":[{"name":"[concat(parameters('factoryName'), '/M11_01_Init_DB')]","type":"Microsoft.DataFactory/factories/pipelines","apiVersion":"2018-06-01","properties":{"activities":[{"name":"DEMO_Init_DB","type":"Copy","dependsOn":[],"policy":{"timeout":"7.00:00:00","retry":0,"retryIntervalInSeconds":30,"secureOutput":false,"secureInput":false},"userProperties":[],"typeProperties":{"source":{"type":"ParquetSource","storeSettings":{"type":"AzureBlobFSReadSettings","recursive":true,"enablePartitionDiscovery":false}},"sink":{"type":"AzureSqlSink"},"enableStaging":false,"translator":{"type":"TabularTranslator","mappings":[{"source":{"name":"AGE","type":"Double","physicalType":"DOUBLE"},"sink":{"name":"AGE","type":"Double","physicalType":"float"}},{"source":{"name":"SEX","type":"Double","physicalType":"DOUBLE"},"sink":{"name":"SEX","type":"Double","physicalType":"float"}},{"source":{"name":"BMI","type":"Double","physicalType":"DOUBLE"},"sink":{"name":"BMI","type":"Double","physicalType":"float"}},{"source":{"name":"BP","type":"Double","physicalType":"DOUBLE"},"sink":{"name":"BP","type":"Double","physicalType":"float"}},{"source":{"name":"S1","type":"Double","physicalType":"DOUBLE"},"sink":{"name":"S1","type":"Double","physicalType":"float"}},{"source":{"name":"S2","type":"Double","physicalType":"DOUBLE"},"sink":{"name":"S2","type":"Double","physicalType":"float"}},{"source":{"name":"S3","type":"Double","physicalType":"DOUBLE"},"sink":{"name":"S3","type":"Double","physicalType":"float"}},{"source":{"name":"S4","type":"Double","physicalType":"DOUBLE"},"sink":{"name":"S4","type":"Double","physicalType":"float"}},{"source":{"name":"S5","type":"Double","physicalType":"DOUBLE"},"sink":{"name":"S5","type":"Double","physicalType":"float"}},{"source":{"name":"S6","type":"Double","physicalType":"DOUBLE"},"sink":{"name":"S6","type":"Double","physicalType":"float"}}],"typeConversion":true,"typeConversionSettings":{"allowDataTruncation":false,"treatBooleanAsNumber":false}}},"inputs":[{"referenceName":"ds_diabetes_MASTER_silver","type":"DatasetReference","parameters":{}}],"outputs":[{"referenceName":"AzureSqlDiabetes","type":"DatasetReference","parameters":{}}]}],"folder":{"name":"Projects/Project002/11_diabetes_model_reg"},"annotations":[]},"dependsOn":["[concat(variables('factoryId'), '/datasets/ds_diabetes_MASTER_silver')]","[concat(variables('factoryId'), '/datasets/AzureSqlDiabetes')]"]},{"name":"[concat(parameters('factoryName'), '/ds_diabetes_MASTER_silver')]","type":"Microsoft.DataFactory/factories/datasets","apiVersion":"2018-06-01","properties":{"linkedServiceName":{"referenceName":"[parameters('esml_autolake_dev')]","type":"LinkedServiceReference"},"folder":{"name":"Projects/Project002/11_diabetes_model_reg"},"annotations":[],"type":"Parquet","typeProperties":{"location":{"type":"AzureBlobFSLocation","fileName":"diabetes.parquet","folderPath":"master/se/ds_diabetes/out/silver/","fileSystem":"lake3"},"compressionCodec":"snappy"},"schema":[]},"dependsOn":[]},{"name":"[concat(parameters('factoryName'), '/AzureSqlDiabetes')]","type":"Microsoft.DataFactory/factories/datasets","apiVersion":"2018-06-01","properties":{"linkedServiceName":{"referenceName":"[parameters('AzureSqlDatabase1')]","type":"LinkedServiceReference"},"folder":{"name":"Projects/Project002/11_diabetes_model_reg/source"},"annotations":[],"type":"AzureSqlTable","schema":[],"typeProperties":{"schema":"dbo","table":"esml_diabetes"}},"dependsOn":[]},{"name":"[concat(parameters('factoryName'), '/default')]","type":"Microsoft.DataFactory/factories/managedVirtualNetworks","apiVersion":"2018-06-01","properties":{},"dependsOn":[]}]}